mes_referencia,loja,faturamento_liquido_mensal,FAT_BRUTO_POS_MES,TOTAL_DESCONTOS_POS,TOTAL_REG_NEG_VALOR,QTD_TRANSACOES,QTD_REG_NEG,QTD_ALTO_VALOR,QTD_INCONSIST_FINANCEIRA,TICKET_MEDIO_POS,TICKET_MEDIano_POS,TAXA_REG_NEG_PCT,TAXA_DESCONTO_PCT,PCT_QTD_REG_NEG,PCT_QTD_ALTO_VALOR,PCT_INCONSIST_FINANCEIRA,ano,mes,trimestre,indice_tempo,lag_1_mes,lag_2_meses,lag_3_meses,media_movel_3m,taxa_crescimento,mes_seno,mes_cosseno
2022-01-01,CASTING_DB063,10359240.33,10412906.72,14523.96,-39142.43000000001,111828,318,298,0,114.05612390176488,99.99,0.3759030120265977,0.13948036211737042,0.2843652752441249,0.26648066673820514,0.0,2022,1,1,1,,,,,,0.49999999999999994,0.8660254037844387
2022-02-01,CASTING_DB063,10980198.36,11033972.010000002,19952.95,-33820.7,107689,285,409,0,116.06410238576969,99.99,0.30651428125201485,0.18083197947137078,0.2646509857088468,0.3797973794909415,0.0,2022,2,1,2,10359240.33,,,10359240.33,5.994242919548132,0.8660254037844386,0.5000000000000001
2022-03-01,CASTING_DB063,13205997.56,13275769.21,21261.2,-48510.45,122772,422,529,0,122.10846923452513,99.99,0.36540594546837557,0.1601504188848429,0.3437265826084124,0.430880005212915,0.0,2022,3,1,3,10980198.36,10359240.33,,10669719.344999999,20.271029056345768,1.0,6.123233995736766e-17
2022-04-01,CASTING_DB063,16111945.790000001,16206681.09,29943.1,-64905.590000000004,129551,424,885,3,140.16732703121883,129.99,0.4004866242481236,0.1847577541244751,0.32728423555202196,0.6831286520366496,0.002315690345886948,2022,4,2,4,13205997.56,10980198.36,10359240.33,11515145.416666666,22.004761221536985,0.8660254037844387,-0.4999999999999998
2022-05-01,CASTING_DB063,22810386.07,22925904.389999997,43402.29,-72116.05,170512,437,1447,0,152.7781628565324,149.99,0.3145614182682196,0.18931549770804923,0.2562869475462138,0.8486206249413532,0.0,2022,5,2,5,16111945.790000001,13205997.56,10980198.36,13432713.903333334,41.574372005133206,0.49999999999999994,-0.8660254037844387
2022-06-01,CASTING_DB063,20468268.66,20603058.019999996,46868.46,-87923.9,150598,534,1553,2,156.26619251060464,149.99,0.42675169828988335,0.22748302681331772,0.3545863822892734,1.0312221941858457,0.0013280388849785522,2022,6,2,6,22810386.07,16111945.790000001,13205997.56,17376109.80666667,-10.267767510872295,1.2246467991473532e-16,-1.0
2022-07-01,CASTING_DB063,15679438.790000001,15813916.139999999,31100.86,-103376.49,124029,711,802,0,143.82007727355563,137.20499999999998,0.6537058188801045,0.19666766741814784,0.5732530295334156,0.6466229672092817,0.0,2022,7,3,7,20468268.66,22810386.07,16111945.790000001,19796866.84,-23.396360237143764,-0.4999999999999997,-0.8660254037844388
2022-08-01,CASTING_DB063,16309237.280000001,16398593.589999998,39160.01,-50196.3,126824,356,840,0,147.15293803351534,139.99,0.3061012502353259,0.2388010275703162,0.2807039677032738,0.662335204693118,0.0,2022,8,3,8,15679438.790000001,20468268.66,22810386.07,19652697.84,4.016715766648948,-0.8660254037844385,-0.5000000000000004
2022-09-01,CASTING_DB063,15128928.49,15206287.240000002,33660.05,-43698.700000000004,114218,336,729,0,149.53704949538752,149.99,0.2873725802380674,0.22135613689749029,0.294174298271726,0.6382531650002626,0.0,2022,9,3,9,16309237.280000001,15679438.790000001,20468268.66,17485648.243333336,-7.237056949606169,-1.0,-1.8369701987210297e-16
2022-10-01,CASTING_DB063,17460713.27,17540602.149999995,32262.04,-47626.84,138177,360,709,0,143.0829085931435,129.99,0.271523403773228,0.1839277792410337,0.26053540024750865,0.5131099965985656,0.0,2022,10,4,10,15128928.49,16309237.280000001,15679438.790000001,15705868.186666667,15.412755645856047,-0.8660254037844386,0.5000000000000001
2022-11-01,CASTING_DB063,16600863.66,16667958.750000004,26236.719999999998,-40858.37,135369,332,788,0,137.67028755552982,127.39,0.24513121620246386,0.1574081169357345,0.24525556072660654,0.5821125959414637,0.0,2022,11,4,11,17460713.27,15128928.49,16309237.280000001,16299626.34666667,-4.924481587343532,-0.5000000000000004,0.8660254037844384
2022-12-01,CASTING_DB063,41965741.9,42156085.34000001,64551.509999999995,-125791.94,355924,928,2362,0,132.9431635466642,119.99,0.29839568590265114,0.15312501025504371,0.26072981872534584,0.6636248187815376,0.0,2022,12,4,12,16600863.66,17460713.27,15128928.49,16396835.14,152.7925218801538,-2.4492935982947064e-16,1.0
2023-01-01,CASTING_DB063,12049560.66,12106694.669999998,21397.89,-35736.119999999995,110035,285,534,0,133.5746140412927,119.99,0.29517651988492744,0.17674427730488063,0.2590084972963148,0.485300131776253,0.0,2023,1,1,13,41965741.9,16600863.66,17460713.27,25342439.61,-71.28714967386291,0.49999999999999994,0.8660254037844387
2023-02-01,CASTING_DB063,11120245.25,11201280.86,39373.73,-41661.880000000005,92765,337,536,0,137.33506158105197,119.99,0.37193853560779305,0.3515109610420036,0.3632835660001078,0.5778041287123377,0.0,2023,2,1,14,12049560.66,41965741.9,16600863.66,23538722.073333334,-7.712442272563324,0.8660254037844386,0.5000000000000001
2023-03-01,CASTING_DB063,14083482.280000001,14179699.32,51944.42,-44272.62,113782,324,764,0,140.02988274474433,119.99,0.31222537940247386,0.3663294885719763,0.28475505791777256,0.6714594575591921,0.0,2023,3,1,15,11120245.25,12049560.66,41965741.9,21711849.27,26.647227317221265,1.0,6.123233995736766e-17
2023-04-01,CASTING_DB063,15382209.46,15481810.209999999,52992.16,-46608.6,108523,324,1185,0,159.30304030892495,149.99,0.3010539424510876,0.34228658846218996,0.2985542235286529,1.091934428646462,0.0,2023,4,2,16,14083482.280000001,11120245.25,12049560.66,12417762.729999999,9.221633926747842,0.8660254037844387,-0.4999999999999998
2023-05-01,CASTING_DB063,19023703.25,19119270.13,44759.81,-50807.100000000006,132809,331,1401,0,164.3490091417444,149.99,0.2657376544948685,0.2341083613320965,0.24923009735785978,1.0548983879104579,0.0,2023,5,2,17,15382209.46,14083482.280000001,11120245.25,13528645.663333334,23.67341180387228,0.49999999999999994,-0.8660254037844387
2023-06-01,CASTING_DB063,19808645.85,19939405.269999996,57338.810000000005,-73667.54999999999,135175,416,1837,15,167.1091579955958,149.99,0.3694571076843357,0.28756529707668665,0.3077492139818754,1.3589791011651562,0.011096726465692621,2023,6,2,18,19023703.25,15382209.46,14083482.280000001,16163131.663333334,4.126129332888961,1.2246467991473532e-16,-1.0
2023-07-01,CASTING_DB063,15510171.31,15929745.89,385578.36,-33996.22,111957,251,1411,0,155.91878678756996,142.49,0.21341344824176603,2.420492848175621,0.2241932170386845,1.2603052957832026,0.0,2023,7,3,19,19808645.85,19023703.25,15382209.46,18071519.52,-21.699991875012504,-0.4999999999999997,-0.8660254037844388
2023-08-01,CASTING_DB063,16130857.360000001,16279111.47,74470.39,-73783.72,129097,488,1175,0,144.472745979102,129.99,0.4532416903463835,0.45745979525502933,0.3780103333152591,0.9101683230439127,0.0,2023,8,3,20,15510171.31,19808645.85,19023703.25,18114173.470000003,4.0018000935929,-0.8660254037844385,-0.5000000000000004
2023-09-01,CASTING_DB063,16689336.22,16784272.409999996,45609.58,-49326.65,132060,334,1061,2,141.8218262925118,129.99,0.2938861381361482,0.2717399889960438,0.2529153415114342,0.8034226866575799,0.0015144631228229592,2023,9,3,21,16130857.360000001,15510171.31,19808645.85,17149891.506666668,3.4621771647728394,-1.0,-1.8369701987210297e-16
2022-01-01,CASTING_DB069,1354249.31,2090413.03,691549.4199999999,-44614.3,3547,96,31,0,405.35022022602146,260.0,2.1342337308335666,33.081951273524155,2.7065125458133634,0.8739780095855653,0.0,2022,1,1,1,,,,,,0.49999999999999994,0.8660254037844387
2022-02-01,CASTING_DB069,1438105.66,2215810.9699999997,743070.3300000001,-34634.979999999996,3864,72,18,0,388.38097046413503,249.5,1.5630836957179608,33.53491520984753,1.8633540372670807,0.4658385093167702,0.0,2022,2,1,2,1354249.31,,,1354249.31,6.192091026429969,0.8660254037844386,0.5000000000000001
2022-03-01,CASTING_DB069,1919536.59,3315957.42,1346979.04,-49441.79,4950,105,38,0,406.3938864809081,269.0,1.491026081993538,40.62111991775817,2.1212121212121215,0.7676767676767676,0.0,2022,3,1,3,1438105.66,1354249.31,,1396177.4849999999,33.47674259205684,1.0,6.123233995736766e-17
2022-04-01,CASTING_DB069,1755679.76,3089331.5300000003,1280969.34,-52682.43,4497,92,26,0,410.52490124858116,270.0,1.7053019233581577,41.4642885543592,2.0458083166555485,0.578163219924394,0.0,2022,4,2,4,1919536.59,1438105.66,1354249.31,1570630.5200000003,-8.536270204674768,0.8660254037844387,-0.4999999999999998
2022-05-01,CASTING_DB069,1874773.84,3199808.99,1267387.74,-57647.409999999996,4833,135,26,0,411.328490847169,272.495,1.8015891004794005,39.6082311150704,2.793296089385475,0.5379681357334989,0.0,2022,5,2,5,1755679.76,1919536.59,1438105.66,1704440.67,6.783360081567502,0.49999999999999994,-0.8660254037844387
2022-06-01,CASTING_DB069,1596889.29,2551446.58,891506.6799999999,-63050.61,3952,117,40,0,432.83960886571055,290.0,2.4711710797409676,34.941224597381144,2.9605263157894735,1.0121457489878543,0.0,2022,6,2,6,1874773.84,1755679.76,1919536.59,1849996.7299999997,-14.82229717905601,1.2246467991473532e-16,-1.0
2022-07-01,CASTING_DB069,1935183.62,3161841.15,1158238.3900000001,-68419.14,4757,107,37,0,430.88231397849466,260.0,2.1639018772337755,36.63177038479622,2.249316796300189,0.7778011351692242,0.0,2022,7,3,7,1596889.29,1874773.84,1755679.76,1742447.6300000001,21.184582558005637,-0.4999999999999997,-0.8660254037844388
2022-08-01,CASTING_DB069,1843407.31,3095234.1799999997,1195084.4700000002,-56742.4,4402,112,32,0,442.9253403263403,292.5,1.8332183188801567,38.61047017773629,2.5442980463425715,0.7269422989550204,0.0,2022,8,3,8,1935183.62,1596889.29,1874773.84,1802282.25,-4.742511720929099,-0.8660254037844385,-0.5000000000000004
2022-09-01,CASTING_DB069,1579122.79,2541105.94,912868.02,-49115.13,3853,94,25,0,433.1572013833466,270.0,1.9328249651803182,35.924044158505254,2.439657409810537,0.6488450558006749,0.0,2022,9,3,9,1843407.31,1935183.62,1596889.29,1791826.7400000002,-14.336740370200662,-1.0,-1.8369701987210297e-16
2022-10-01,CASTING_DB069,1750577.52,2798770.46,989792.76,-58400.18,4254,124,39,0,438.0091283292978,268.3,2.086637001306638,35.36527107692854,2.914903620122238,0.9167842031029618,0.0,2022,10,4,10,1579122.79,1843407.31,1935183.62,1785904.5733333335,10.857593284433564,-0.8660254037844386,0.5000000000000001
2022-11-01,CASTING_DB069,1940957.23,3103042.48,1113963.82,-48121.43,4633,93,27,0,438.1230528634361,268.0,1.5507821858758442,35.89908379211103,2.007338657457371,0.5827757392618175,0.0,2022,11,4,11,1750577.52,1579122.79,1843407.31,1724369.2066666668,10.875251614107317,-0.5000000000000004,0.8660254037844384
2022-12-01,CASTING_DB069,1729156.74,2640300.6100000003,851002.59,-60141.280000000006,4420,116,17,0,415.729093866171,275.0,2.2778194184487197,32.23127649847416,2.6244343891402715,0.38461538461538464,0.0,2022,12,4,12,1940957.23,1750577.52,1579122.79,1756885.8466666667,-10.912166776596099,-2.4492935982947064e-16,1.0
2023-01-01,CASTING_DB069,1590605.5,2577863.15,930547.6499999999,-56710.0,3892,115,30,0,436.143897272968,268.0,2.1998840396163,36.09763574920569,2.9547790339157243,0.7708119218910586,0.0,2023,1,1,13,1729156.74,1940957.23,1750577.52,1806897.1633333333,-8.012647829716125,0.49999999999999994,0.8660254037844387
2023-02-01,CASTING_DB069,1636447.17,2681296.46,1001976.84,-42872.45,3701,82,44,0,464.028632218845,276.75,1.5989447880746466,37.36911807208368,2.215617400702513,1.1888678735476899,0.0,2023,2,1,14,1590605.5,1729156.74,1940957.23,1753573.1566666665,2.8820263729755657,0.8660254037844386,0.5000000000000001
2023-03-01,CASTING_DB069,1950962.21,3506023.08,1442243.08,-112817.79000000001,4757,159,64,0,448.8429752066116,240.0,3.217827932838366,41.13615475685916,3.3424427159974774,1.3453857473197395,0.0,2023,3,1,15,1636447.17,1590605.5,1729156.74,1652069.8033333335,19.21938243811441,1.0,6.123233995736766e-17
2023-04-01,CASTING_DB069,1797407.43,3147231.09,1302746.35,-47077.31,4243,93,48,0,444.45415421686744,240.0,1.4958326431631686,41.39341258223273,2.19184539241103,1.1312750412444026,0.0,2023,4,2,16,1950962.21,1636447.17,1590605.5,1726004.96,-7.8707203662340515,0.8660254037844387,-0.4999999999999998
2023-05-01,CASTING_DB069,2032124.8699999999,3570433.9499999997,1469671.84,-68637.23999999999,4513,130,65,0,479.29776637006626,306.0,1.9223780907640091,41.162274966604556,2.8805672501661865,1.4402836250830933,0.0,2023,5,2,17,1797407.43,1950962.21,1636447.17,1794938.9366666665,13.058666392627515,0.49999999999999994,-0.8660254037844387
2023-06-01,CASTING_DB069,1812723.3699999999,2886254.21,1018513.4299999999,-55017.41,3772,94,61,0,507.81424143556274,319.0,1.9061872585367317,35.28841730126051,2.4920466595970305,1.6171792152704134,0.0,2023,6,2,18,2032124.8699999999,1797407.43,1950962.21,1926831.5033333332,-10.796654439842568,1.2246467991473532e-16,-1.0
2023-07-01,CASTING_DB069,2150647.16,4253241.29,1959525.75,-143068.38,6109,534,74,0,411.42879641255604,239.99,3.363749438254889,46.07135162087172,8.741201505974791,1.2113275495171059,0.0,2023,7,3,19,1812723.3699999999,2032124.8699999999,1797407.43,1880751.89,18.64177378592522,-0.4999999999999997,-0.8660254037844388
2023-08-01,CASTING_DB069,2731531.94,4468006.19,1634896.4100000001,-101577.84,5445,157,95,0,535.7620612708018,350.0,2.2734489541967258,36.59118498222134,2.8833792470156103,1.7447199265381086,0.0,2023,8,3,20,2150647.16,1812723.3699999999,2032124.8699999999,1998498.4666666668,27.009766678788893,-0.8660254037844385,-0.5000000000000004
2023-09-01,CASTING_DB069,2286329.08,3990481.2299999995,1637993.9100000001,-66158.23999999999,5157,116,70,0,466.67076373735364,299.0,1.6579012952781136,41.04752824510843,2.2493697886368045,1.357378320729106,0.0,2023,9,3,21,2731531.94,2150647.16,1812723.3699999999,2231634.1566666667,-16.298651078559235,-1.0,-1.8369701987210297e-16
2022-01-01,CASTING_DB088,6375231.42,6468599.51,0.0,-93368.09,11043,131,100,131,592.7968759164223,399.5,1.4434050192110286,0.0,1.1862718464185458,0.9055510278004166,1.1862718464185458,2022,1,1,1,,,,,,0.49999999999999994,0.8660254037844387
2022-02-01,CASTING_DB088,6385675.11,6491866.290000001,0.0,-106191.18,11864,171,85,171,555.1925331394852,360.0,1.6357573501409866,0.0,1.4413351314902225,0.7164531355360756,1.4413351314902225,2022,2,1,2,6375231.42,,,6375231.42,0.16381664149849318,0.8660254037844386,0.5000000000000001
2022-03-01,CASTING_DB088,7199061.09,7351712.2299999995,0.0,-152651.14,12484,224,126,224,599.6991785626886,407.07,2.0764025471111243,0.0,1.7942966997757128,1.0092918936238384,1.7942966997757128,2022,3,1,3,6385675.11,6375231.42,,6380453.265000001,12.737666197991082,1.0,6.123233995736766e-17
2022-04-01,CASTING_DB088,6356634.25,6506911.110000001,0.0,-150276.86000000002,12144,227,112,227,546.065047834844,359.0,2.309496125881455,0.0,1.8692358366271409,0.922266139657444,1.8692358366271409,2022,4,2,4,7199061.09,6385675.11,6375231.42,6653322.54,-11.701898754133222,0.8660254037844387,-0.4999999999999998
2022-05-01,CASTING_DB088,8273692.08,8435116.030000001,0.0,-161423.95,15272,270,153,270,562.266099853353,369.0,1.9137134501278459,0.0,1.7679413305395495,1.001833420639078,1.7679413305395495,2022,5,2,5,6356634.25,7199061.09,6385675.11,6647123.483333333,30.15837870489402,0.49999999999999994,-0.8660254037844387
2022-06-01,CASTING_DB088,6819407.84,6911131.56,0.0,-91723.72,11662,131,113,131,599.4042983521249,388.44,1.3271881630914866,0.0,1.12330646544332,0.9689590121762992,1.12330646544332,2022,6,2,6,8273692.08,6356634.25,7199061.09,7276462.473333334,-17.57721010086225,1.2246467991473532e-16,-1.0
2022-07-01,CASTING_DB088,7676416.7,7832223.890000001,0.0,-155807.19,13251,230,100,230,601.5070954611781,369.0,1.9893097054966848,0.0,1.7357180590144141,0.7546600256584409,1.7357180590144141,2022,7,3,7,6819407.84,8273692.08,6356634.25,7149911.390000001,12.567203489034906,-0.4999999999999997,-0.8660254037844388
2022-08-01,CASTING_DB088,7293279.0,7398885.21,0.0,-105606.21,13120,182,111,182,571.8724076364199,369.0,1.4273259687454998,0.0,1.3871951219512195,0.8460365853658537,1.3871951219512195,2022,8,3,8,7676416.7,6819407.84,8273692.08,7589838.873333334,-4.991100860900377,-0.8660254037844385,-0.5000000000000004
2022-09-01,CASTING_DB088,6175274.54,6312868.669999999,0.0,-137594.13,11296,197,86,197,568.7781484818452,349.0,2.179581695622381,0.0,1.7439801699716713,0.7613314447592068,1.7439801699716713,2022,9,3,9,7293279.0,7676416.7,6819407.84,7263034.513333333,-15.32924299207531,-1.0,-1.8369701987210297e-16
2022-10-01,CASTING_DB088,6900950.94,7030111.32,0.0,-129160.37999999999,12845,190,101,190,555.5204519952588,334.75,1.8372451604365205,0.0,1.479174776177501,0.7862981704943558,1.479174776177501,2022,10,4,10,6175274.54,7293279.0,7676416.7,7048323.413333333,11.751322071585179,-0.8660254037844386,0.5000000000000001
2022-11-01,CASTING_DB088,8314160.4,8446273.42,0.0,-132113.02,14781,201,103,201,579.3054471879286,349.0,1.5641575098334903,0.0,1.3598538664501725,0.6968405385291929,1.3598538664501725,2022,11,4,11,6900950.94,6175274.54,7293279.0,6789834.826666667,20.478474231842615,-0.5000000000000004,0.8660254037844384
2022-12-01,CASTING_DB088,8281996.12,8444380.79,0.0,-162384.66999999998,14714,226,149,226,582.8936833022709,339.0,1.9229908508187965,0.0,1.5359521544107653,1.01264102215577,1.5359521544107653,2022,12,4,12,8314160.4,6900950.94,6175274.54,7130128.626666668,-0.3868614322138919,-2.4492935982947064e-16,1.0
2023-01-01,CASTING_DB088,7396610.01,7520550.0600000005,0.0,-123940.05000000002,13494,193,122,193,565.4123795203369,330.3,1.64801841635504,0.0,1.430265303097673,0.904105528382985,1.430265303097673,2023,1,1,13,8281996.12,8314160.4,6900950.94,7832369.153333333,-10.69049172652836,0.49999999999999994,0.8660254037844387
2023-02-01,CASTING_DB088,6183992.66,6287158.21,0.0,-103165.55,11515,148,123,148,553.106203043899,329.0,1.6408931754876264,0.0,1.2852800694745985,1.068171949630916,1.2852800694745985,2023,2,1,14,7396610.01,8281996.12,8314160.4,7997588.843333334,-16.394231254055256,0.8660254037844386,0.5000000000000001
2023-03-01,CASTING_DB088,7144957.51,7261876.83,0.0,-116919.31999999999,12436,171,155,171,592.081274357929,353.7,1.6100427305099307,0.0,1.3750402058539724,1.2463814731424894,1.3750402058539724,2023,3,1,15,6183992.66,7396610.01,8281996.12,7287532.93,15.539553534981065,1.0,6.123233995736766e-17
2023-04-01,CASTING_DB088,6223365.88,6320447.32,0.0,-97081.44,11580,162,114,162,553.5511753371869,339.0,1.53599001913681,0.0,1.3989637305699483,0.9844559585492229,1.3989637305699483,2023,4,2,16,7144957.51,6183992.66,7396610.01,6908520.06,-12.898490000957331,0.8660254037844387,-0.4999999999999998
2023-05-01,CASTING_DB088,9285184.88,9408737.42,0.0,-123552.54,16852,187,146,187,564.580703270327,349.09,1.313168116875771,0.0,1.1096605744125325,0.866366009969143,1.1096605744125325,2023,5,2,17,6223365.88,7144957.51,6183992.66,6517438.683333334,49.198762519165925,0.49999999999999994,-0.8660254037844387
2023-06-01,CASTING_DB088,7897667.14,8063140.3,0.0,-165473.15999999997,13992,281,147,281,588.0782072788272,359.0,2.05221729801725,0.0,2.008290451686678,1.0506003430531732,2.008290451686678,2023,6,2,18,9285184.88,6223365.88,7144957.51,7551169.423333335,-14.943350702565661,1.2246467991473532e-16,-1.0
2023-07-01,CASTING_DB088,9289856.38,9417081.61,0.0,-127225.23000000001,15318,193,191,193,622.6581334303094,403.83,1.3510048576503737,0.0,1.2599556077816947,1.2468990729860294,1.2599556077816947,2023,7,3,19,7897667.14,9285184.88,6223365.88,7802072.633333333,17.627854090594177,-0.4999999999999997,-0.8660254037844388
2023-08-01,CASTING_DB088,7282099.7,7404621.969999999,0.0,-122522.27,12538,192,132,192,599.758785841568,399.0,1.6546728583363455,0.0,1.5313447120752912,1.0527994895517625,1.5313447120752912,2023,8,3,20,9289856.38,7897667.14,9285184.88,8824236.133333335,-21.61235435590233,-0.8660254037844385,-0.5000000000000004
2023-09-01,CASTING_DB088,6773131.72,6889925.579999999,0.0,-116793.86000000002,12736,183,117,183,548.8668509519636,338.0,1.6951396447449005,0.0,1.4368718592964824,0.9186557788944724,1.4368718592964824,2023,9,3,21,7282099.7,9289856.38,7897667.14,8156541.073333334,-6.98930254964788,-1.0,-1.8369701987210297e-16
2022-01-01,CASTING_DB092,3142394.0900000003,4250855.18,783620.8400000001,-324840.25,35291,1422,69,1422,102.40214832097817,30.0,7.641762333573547,18.434428057838474,4.029355926440169,0.19551727069224448,4.029355926440169,2022,1,1,1,,,,,,0.49999999999999994,0.8660254037844387
2022-02-01,CASTING_DB092,2419355.36,2739589.1,134326.14,-185907.59999999998,25881,770,79,770,103.77466480780718,15.99,6.78596655242934,4.903149162040395,2.9751555194930646,0.3052432286233144,2.9751555194930646,2022,2,1,2,3142394.0900000003,,,3142394.0900000003,-23.00916782846929,0.8660254037844386,0.5000000000000001
2022-03-01,CASTING_DB092,2885525.43,3259745.89,165574.01,-208646.44999999995,28901,812,71,812,110.16384377113968,15.99,6.400696773330389,5.079353286645297,2.809591363620636,0.24566623992249406,2.809591363620636,2022,3,1,3,2419355.36,3142394.0900000003,,2780874.725,19.26835874164432,1.0,6.123233995736766e-17
2022-04-01,CASTING_DB092,3110050.86,3493644.3900000006,174921.91999999998,-208671.60999999996,29347,791,109,791,116.2180441938647,29.99,5.9728921065145935,5.006861044606774,2.6953351279517497,0.37141786213241557,2.6953351279517497,2022,4,2,4,2885525.43,2419355.36,3142394.0900000003,2815758.2933333335,7.781093441966291,0.8660254037844387,-0.4999999999999998
2022-05-01,CASTING_DB092,3182532.73,3620419.83,171642.05000000002,-266245.04999999993,28919,979,92,979,123.43513886900499,30.0,7.353982756193221,4.740943262372972,3.3853176112590337,0.3181299491683668,3.3853176112590337,2022,5,2,5,3110050.86,2885525.43,2419355.36,2804977.216666667,2.3305686389964775,0.49999999999999994,-0.8660254037844387
2022-06-01,CASTING_DB092,2902351.3000000003,3280721.46,161532.72,-216837.43999999994,26154,788,119,788,122.96730820783725,20.0,6.609443765457613,4.923695046028078,3.012923453391451,0.45499732354515565,3.012923453391451,2022,6,2,6,3182532.73,3110050.86,2885525.43,3059369.6733333333,-8.80372501306529,1.2246467991473532e-16,-1.0
2022-07-01,CASTING_DB092,4016584.2,4991410.33,749428.3600000001,-225397.76999999993,41679,857,126,857,103.91411420312576,19.99,4.515713097063689,15.014360881045821,2.0561913673552628,0.3023105160872382,2.0561913673552628,2022,7,3,7,2902351.3000000003,3182532.73,3110050.86,3064978.296666667,38.39069722538411,-0.4999999999999997,-0.8660254037844388
2022-08-01,CASTING_DB092,3102829.8000000003,3562446.37,186138.11,-273478.4599999999,29858,952,213,952,116.80302566941118,19.99,7.676703916247303,5.225008060963455,3.1884252126733204,0.7133766494741778,3.1884252126733204,2022,8,3,8,4016584.2,2902351.3000000003,3182532.73,3367156.0766666667,-22.749539272698428,-0.8660254037844385,-0.5000000000000004
2022-09-01,CASTING_DB092,3184944.94,3630253.7100000004,233684.31,-211624.45999999996,35405,798,214,798,98.14688935764441,15.0,5.8294674947112695,6.4371343897063324,2.253918938003107,0.6044344019206327,2.253918938003107,2022,9,3,9,3102829.8000000003,4016584.2,2902351.3000000003,3340588.4333333336,2.646459693019576,-1.0,-1.8369701987210297e-16
2022-10-01,CASTING_DB092,3582766.54,4053550.57,226450.56,-244333.46999999994,42258,931,253,931,92.6053187988482,15.0,6.027640849192611,5.586474279510469,2.203133134554404,0.5987032041270292,2.203133134554404,2022,10,4,10,3184944.94,3102829.8000000003,4016584.2,3434786.313333334,12.4906900274389,-0.8660254037844386,0.5000000000000001
2022-11-01,CASTING_DB092,3887440.3600000003,4523611.92,422823.96,-213347.59999999998,45651,802,321,802,91.43543802537403,15.0,4.716310854535019,9.34704319198098,1.7568070798010995,0.703160938424131,1.7568070798010995,2022,11,4,11,3582766.54,3184944.94,3102829.8000000003,3290180.426666667,8.503870307999485,-0.5000000000000004,0.8660254037844384
2022-12-01,CASTING_DB092,6622087.61,7543853.91,415126.92,-506639.37999999983,71909,1932,559,1932,101.87242936965002,19.99,6.715922472045854,5.502849404993316,2.686729060340152,0.7773713999638432,2.686729060340152,2022,12,4,12,3887440.3600000003,3582766.54,3184944.94,3551717.28,70.34570300134455,-2.4492935982947064e-16,1.0
2023-01-01,CASTING_DB092,4298811.24,5657252.87,990808.9899999999,-367632.64,44039,1347,214,1347,109.30487866579219,19.99,6.498430394538825,17.51395973926122,3.0586525579599897,0.4859329230908967,3.0586525579599897,2023,1,1,13,6622087.61,3887440.3600000003,3582766.54,4697431.503333334,-35.08374559242655,0.49999999999999994,0.8660254037844387
2023-02-01,CASTING_DB092,3029599.45,3359312.7399999993,121135.77000000002,-208577.51999999996,26769,751,312,751,124.45910408178952,20.0,6.208934271478398,3.60596882087257,2.8054839553214537,1.1655272890283537,2.8054839553214537,2023,2,1,14,4298811.24,6622087.61,3887440.3600000003,4936113.07,-29.52471553507895,0.8660254037844386,0.5000000000000001
2023-03-01,CASTING_DB092,3368878.97,3736109.2199999997,123172.68,-244057.56999999995,30029,850,564,850,123.8197518763494,19.99,6.532399232161633,3.296816895518916,2.830597089480169,1.8781844217256654,2.830597089480169,2023,3,1,15,3029599.45,4298811.24,6622087.61,4650166.100000001,11.198824319828816,1.0,6.123233995736766e-17
2023-04-01,CASTING_DB092,4317262.07,4731790.029999999,173834.32,-240693.63999999996,36473,860,721,860,127.98572740291466,19.99,5.08673543149589,3.6737538837918393,2.3579085899158283,1.9768047596852467,2.3579085899158283,2023,4,2,16,3368878.97,3029599.45,4298811.24,3565763.22,28.151296275271065,0.8660254037844387,-0.4999999999999998
2023-05-01,CASTING_DB092,4265863.72,4787800.989999999,170546.88,-351390.39,34829,1165,784,1165,137.15702560598857,29.99,7.339285628912492,3.5621129691106903,3.344913721324184,2.2509977317752448,3.344913721324184,2023,5,2,17,4317262.07,3368878.97,3029599.45,3571913.4966666666,-1.1905311553162323,0.49999999999999994,-0.8660254037844387
2023-06-01,CASTING_DB092,4414825.43,4900379.9799999995,195539.93,-290014.6199999999,39220,986,670,986,123.05382774493903,19.99,5.918206775467234,3.9903013806696683,2.514023457419684,1.7083120856705762,2.514023457419684,2023,6,2,18,4265863.72,4317262.07,3368878.97,3984001.5866666664,3.4919472298566623,1.2246467991473532e-16,-1.0
2023-07-01,CASTING_DB092,5639469.76,6869555.09,957594.8999999999,-272490.42999999993,54728,981,479,981,109.99609634026085,19.99,3.9666386895515813,13.939693145396989,1.7925010963309458,0.8752375383715831,1.7925010963309458,2023,7,3,19,4414825.43,4265863.72,4317262.07,4332650.406666666,27.73936024011714,-0.4999999999999997,-0.8660254037844388
2023-08-01,CASTING_DB092,4041340.42,4515980.969999999,149418.76,-325221.7899999999,35101,1058,770,1058,128.26608142643124,29.99,7.2015757409181465,3.308666732490683,3.01415914076522,2.1936696960200566,3.01415914076522,2023,8,3,20,5639469.76,4414825.43,4265863.72,4773386.303333333,-28.338290797041175,-0.8660254037844385,-0.5000000000000004
2023-09-01,CASTING_DB092,4733006.89,5192460.399999999,174174.44,-285279.06999999995,44497,995,888,995,115.35759183485814,19.99,5.494101986796085,3.3543720429721526,2.2361058048857227,1.9956401555161023,2.2361058048857227,2023,9,3,21,4041340.42,5639469.76,4414825.43,4698545.203333332,17.114778714929436,-1.0,-1.8369701987210297e-16
2022-01-01,CASTING_DB101,4467911.76,8403518.9,3643344.1,-292263.04,9901,445,95,0,503.4025803722505,344.0,3.477864969161906,43.354981923108426,4.494495505504494,0.9594990405009595,0.0,2022,1,1,1,,,,,,0.49999999999999994,0.8660254037844387
2022-02-01,CASTING_DB101,4398800.29,8259288.33,3505955.0700000003,-354532.97,9413,496,115,0,533.064176292475,341.0,4.292536545942331,42.44863394907053,5.2693084032720705,1.2217146499521938,0.0,2022,2,1,2,4467911.76,,,4467911.76,-1.546840531156768,0.8660254037844386,0.5000000000000001
2022-03-01,CASTING_DB101,4619389.65,8580060.19,3618798.02,-341872.51999999996,9264,481,125,0,564.8710201525674,370.4,3.984500253255216,42.17683722332955,5.192141623488774,1.3493091537132988,0.0,2022,3,1,3,4398800.29,4467911.76,,4433356.025,5.014761877266327,1.0,6.123233995736766e-17
2022-04-01,CASTING_DB101,4413858.52,8241106.9,3454583.94,-372665.44,8989,449,127,1,560.4828992974237,349.0,4.52203137906147,41.91893130278409,4.994993881410613,1.4128379130047837,0.01112470797641562,2022,4,2,4,4619389.65,4398800.29,4467911.76,4495367.233333333,-4.4493135581234355,0.8660254037844387,-0.4999999999999998
2022-05-01,CASTING_DB101,4882373.59,9475903.569999998,4117279.21,-476250.77,9908,617,170,0,576.7543170810462,372.0,5.025914061723616,43.4499905954615,6.227291077916835,1.7157852240613645,0.0,2022,5,2,5,4413858.52,4619389.65,4398800.29,4477349.486666667,10.614637235812442,0.49999999999999994,-0.8660254037844387
2022-06-01,CASTING_DB101,4153858.39,8197987.15,3643752.21,-400376.55,8931,531,103,0,542.1708261904761,337.0,4.883839687404243,44.44691292300939,5.945582801477998,1.153286306124734,0.0,2022,6,2,6,4882373.59,4413858.52,4619389.65,4638540.586666667,-14.921332556200396,1.2246467991473532e-16,-1.0
2022-07-01,CASTING_DB101,4799758.1,9851485.209999999,4468976.5,-582750.6099999999,11240,836,54,0,517.3499336793542,368.0,5.9153579138348,45.36347976712844,7.437722419928826,0.4804270462633452,0.0,2022,7,3,7,4153858.39,4882373.59,4413858.52,4483363.499999999,15.549391658486456,-0.4999999999999997,-0.8660254037844388
2022-08-01,CASTING_DB101,4977060.75,11364768.86,5205876.42,-1181831.69,12621,1454,104,0,551.5261431002059,395.0,10.39908250276548,45.80714737035136,11.520481736787893,0.8240234529752,0.0,2022,8,3,8,4799758.1,4153858.39,4882373.59,4611996.693333333,3.693991370106775,-0.8660254037844385,-0.5000000000000004
2022-09-01,CASTING_DB101,4303165.44,8425866.85,3710681.33,-412020.08,9671,630,54,0,521.5336268111934,360.65,4.889942926169074,44.03916411282953,6.514321166373695,0.5583703856891737,0.0,2022,9,3,9,4977060.75,4799758.1,4153858.39,4643559.079999999,-13.540025807400468,-1.0,-1.8369701987210297e-16
2022-10-01,CASTING_DB101,4457015.11,8699321.409999998,3829936.3499999996,-412369.95,9768,611,67,0,531.7664147646609,369.0,4.7402542171389905,44.02569084983377,6.255118755118755,0.685913185913186,0.0,2022,10,4,10,4303165.44,4977060.75,4799758.1,4693328.096666667,3.5752673734059437,-0.8660254037844386,0.5000000000000001
2022-11-01,CASTING_DB101,5883011.99,13609315.59,7300405.39,-425898.21,14264,708,61,0,465.3961493065802,320.0,3.1294608989223973,53.64270775941349,4.9635445877734155,0.4276500280426248,0.0,2022,11,4,11,4457015.11,4303165.44,4977060.75,4579080.433333334,31.994436743114374,-0.5000000000000004,0.8660254037844384
2022-12-01,CASTING_DB101,5359546.14,10242502.76,4391792.14,-491164.48,11923,695,70,0,521.082171357321,360.845,4.7953560912684585,42.87811527033457,5.829069864966871,0.5871005619391092,0.0,2022,12,4,12,5883011.99,4457015.11,4303165.44,4881064.180000001,-8.897922541884885,-2.4492935982947064e-16,1.0
2023-01-01,CASTING_DB101,5471567.17,10781970.629999999,4814752.07,-495651.39,12125,705,67,0,522.5235166374781,350.0,4.597038955206281,44.65558509873256,5.814432989690721,0.5525773195876289,0.0,2023,1,1,13,5359546.14,5883011.99,4457015.11,5233191.080000001,2.0901215713762022,0.49999999999999994,0.8660254037844387
2023-02-01,CASTING_DB101,4944178.09,9613725.08,4297128.1,-372418.89,10855,574,44,0,517.128390234413,350.0,3.8738250459727106,44.69784671645717,5.287885766927683,0.4053431598341778,0.0,2023,2,1,14,5471567.17,5359546.14,5883011.99,5571375.100000001,-9.63872074698482,0.8660254037844386,0.5000000000000001
2023-03-01,CASTING_DB101,5322784.89,10450172.71,4623619.5600000005,-503769.26,11110,685,87,1,558.9020767386091,378.83,4.820678796226326,44.24443201379396,6.165616561656165,0.7830783078307831,0.009000900090009001,2023,3,1,15,4944178.09,5471567.17,5359546.14,5258430.466666666,7.657628691930873,1.0,6.123233995736766e-17
2023-04-01,CASTING_DB101,4657360.13,9424474.8,4329281.01,-437833.66,9225,554,92,0,587.6131691846384,399.5,4.645708851595634,45.93657579730596,6.005420054200542,0.997289972899729,0.0,2023,4,2,16,5322784.89,4944178.09,5471567.17,5246176.716666666,-12.501440012166254,0.8660254037844387,-0.4999999999999998
2023-05-01,CASTING_DB101,5125333.19,10726854.239999998,5002376.71,-599144.34,10618,818,91,0,584.1303602040815,412.63,5.58546174484049,46.63414453182689,7.703899039367112,0.8570352232058768,0.0,2023,5,2,17,4657360.13,5322784.89,4944178.09,4974774.37,10.048032510640326,0.49999999999999994,-0.8660254037844387
2023-06-01,CASTING_DB101,4575867.84,9731274.08,4577361.390000001,-578044.8500000001,10028,776,46,0,557.0593050151319,390.855,5.9400736763546185,47.037637131272746,7.738332668528121,0.45871559633027525,0.0,2023,6,2,18,5125333.19,4657360.13,5322784.89,5035159.403333333,-10.72057814840327,1.2246467991473532e-16,-1.0
2023-07-01,CASTING_DB101,5461002.43,11090023.16,5169767.26,-459253.47,11211,675,78,0,561.9073557327259,399.5,4.141140765660944,46.616379293476605,6.020872357506021,0.6957452502006957,0.0,2023,7,3,19,4575867.84,5125333.19,4657360.13,4786187.053333334,19.34353484299931,-0.4999999999999997,-0.8660254037844388
2023-08-01,CASTING_DB101,5930993.83,12388160.190000001,5846313.38,-610852.98,11957,869,218,0,589.9933991702742,360.0,4.930941888312795,47.19274928910973,7.267709291628336,1.8231997992807563,0.0,2023,8,3,20,5461002.43,4575867.84,5125333.19,5054067.82,8.606321019344442,-0.8660254037844385,-0.5000000000000004
2023-09-01,CASTING_DB101,5061330.64,10387333.89,4784417.47,-541585.78,10442,731,224,0,576.9659581917413,343.5,5.213905567446816,46.06011052177701,7.000574602566558,2.1451829151503543,0.0,2023,9,3,21,5930993.83,5461002.43,4575867.84,5322621.366666666,-14.663026381870313,-1.0,-1.8369701987210297e-16
2022-01-01,CASTING_DB102,5070798.72,9572053.6,4133643.1,-367611.78,12237,516,84,0,463.98861018684414,199.0,3.8404693011748288,43.18449595810872,4.216719784260848,0.6864427555773475,0.0,2022,1,1,1,,,,,,0.49999999999999994,0.8660254037844387
2022-02-01,CASTING_DB102,5640364.56,10566453.61,4585881.71,-340207.33999999997,12830,466,99,0,483.7085004852799,199.0,3.2196927423031574,43.40038653706823,3.632112236944661,0.7716289945440374,0.0,2022,2,1,2,5070798.72,,,5070798.72,11.232270722037253,0.8660254037844386,0.5000000000000001
2022-03-01,CASTING_DB102,6009786.28,11231990.04,4704821.98,-517381.78,13485,758,116,0,512.8599088551897,219.0,4.606323351048841,41.8876972223526,5.621060437523174,0.8602150537634409,0.0,2022,3,1,3,5640364.56,5070798.72,,5355581.64,6.549607140996594,1.0,6.123233995736766e-17
2022-04-01,CASTING_DB102,5379543.17,9642466.190000001,3877491.4499999997,-385431.57,12443,542,112,0,484.4109520208386,217.0,3.9972301940734103,40.21265279645226,4.3558627340673475,0.9001044764124407,0.0,2022,4,2,4,6009786.28,5640364.56,5070798.72,5573649.853333333,-10.486947133168279,0.8660254037844387,-0.4999999999999998
2022-05-01,CASTING_DB102,5892884.64,10587176.649999999,4341224.31,-353067.7,13075,534,110,0,498.0426074475719,218.0,3.334861707441143,41.00455157702502,4.084130019120459,0.8413001912045889,0.0,2022,5,2,5,5379543.17,6009786.28,5640364.56,5676564.670000001,9.542473287745734,0.49999999999999994,-0.8660254037844387
2022-06-01,CASTING_DB102,5488711.14,10093824.0,4236636.02,-368476.83999999997,12323,521,100,0,496.28774614472127,199.0,3.6505177819625145,41.97255688230743,4.227866590927533,0.8114907084313885,0.0,2022,6,2,6,5892884.64,5379543.17,6009786.28,5760738.03,-6.858669814381435,1.2246467991473532e-16,-1.0
2022-07-01,CASTING_DB102,6033440.37,11105371.79,4585661.5600000005,-486269.86,13639,618,132,0,500.70733661009143,212.0,4.378690503976364,41.29228311049639,4.531123982696679,0.9678128895080286,0.0,2022,7,3,7,5488711.14,5892884.64,5379543.17,5587046.316666666,9.924538131186855,-0.4999999999999997,-0.8660254037844388
2022-08-01,CASTING_DB102,5949148.55,10691967.88,4328795.609999999,-414023.72,13139,579,129,0,506.6219960191082,203.5,3.8722873529620063,40.48642549794116,4.406728061496309,0.9818098789862242,0.0,2022,8,3,8,6033440.37,5488711.14,5892884.64,5805012.05,-1.3970772035656998,-0.8660254037844385,-0.5000000000000004
2022-09-01,CASTING_DB102,5315887.34,9647290.459999999,3962098.9800000004,-369304.14,12145,513,121,0,488.75442572214587,196.0,3.8280607547914554,41.069552082295246,4.223960477562783,0.9962947715109098,0.0,2022,9,3,9,5949148.55,6033440.37,5488711.14,5823766.6866666665,-10.644568792957775,-1.0,-1.8369701987210297e-16
2022-10-01,CASTING_DB102,5404166.43,10058809.559999999,4154794.22,-499848.91000000003,12382,638,130,0,502.72610183923706,210.0,4.969265070766486,41.305029141042816,5.152640930382814,1.0499111613632695,0.0,2022,10,4,10,5315887.34,5949148.55,6033440.37,5766158.753333333,1.6606651788071858,-0.8660254037844386,0.5000000000000001
2022-11-01,CASTING_DB102,6343320.9,12389345.12,5562641.09,-483383.13,13977,654,134,0,512.399912181941,219.0,3.9016035578803865,44.898588554291564,4.679115690062245,0.9587178936824784,0.0,2022,11,4,11,5404166.43,5315887.34,5949148.55,5556400.773333333,17.37834099235913,-0.5000000000000004,0.8660254037844384
2022-12-01,CASTING_DB102,6029641.19,11091357.94,4645372.37,-416344.38,14506,578,95,0,462.80769457208504,200.0,3.753772822518791,41.88280997809002,3.9845581138839097,0.6549014201020268,0.0,2022,12,4,12,6343320.9,5404166.43,5315887.34,5687791.556666666,-4.945039277454811,-2.4492935982947064e-16,1.0
2023-01-01,CASTING_DB102,6887233.98,12827515.879999999,5465386.8100000005,-474895.08999999997,14960,653,119,0,514.5823072621794,214.5,3.7021594394627244,42.60674366828381,4.364973262032086,0.7954545454545454,0.0,2023,1,1,13,6029641.19,6343320.9,5404166.43,5925709.506666667,14.222948977831296,0.49999999999999994,0.8660254037844387
2023-02-01,CASTING_DB102,5844089.49,11027125.66,4799786.039999999,-383250.13,13371,503,125,0,483.9399766863537,200.0,3.4755215621620117,43.52708210636278,3.761872709595393,0.9348590232592925,0.0,2023,2,1,14,6887233.98,6029641.19,6343320.9,6420065.356666666,-15.146058534227414,0.8660254037844386,0.5000000000000001
2023-03-01,CASTING_DB102,7089316.84,13443445.989999998,5774139.31,-579989.84,14764,727,166,0,546.3636589014747,239.0,4.314294418495298,42.95133341774969,4.924139799512328,1.1243565429422921,0.0,2023,3,1,15,5844089.49,6887233.98,6029641.19,6253654.886666668,21.30746546798685,1.0,6.123233995736766e-17
2023-04-01,CASTING_DB102,6263942.7,11899301.1,5182803.55,-452554.85,13026,554,153,0,538.5261024695318,220.0,3.803205299175092,43.55552907220744,4.253032396744972,1.174573929064947,0.0,2023,4,2,16,7089316.84,5844089.49,6887233.98,6606880.103333334,-11.642506021779099,0.8660254037844387,-0.4999999999999998
2023-05-01,CASTING_DB102,6493515.34,12285485.59,5282042.359999999,-509927.8899999999,13653,626,157,0,537.6098280494358,220.0,4.150653112279625,42.99416837295724,4.585072877755804,1.1499304182231012,0.0,2023,5,2,17,6263942.7,7089316.84,5844089.49,6399116.343333334,3.6649862713463044,0.49999999999999994,-0.8660254037844387
2023-06-01,CASTING_DB102,6398561.03,11940785.68,5048439.26,-493785.38999999996,13940,685,166,0,519.9808691059977,218.9,4.135283918771416,42.278953791590034,4.913916786226686,1.1908177905308464,0.0,2023,6,2,18,6493515.34,6263942.7,7089316.84,6615591.626666666,-1.4622943818286216,1.2246467991473532e-16,-1.0
2023-07-01,CASTING_DB102,7097542.24,13177894.639999999,5673130.369999999,-407222.02999999997,14839,544,153,0,524.9922539349424,219.0,3.0901903613944817,43.050354589874004,3.6660152301368014,1.0310667834759755,0.0,2023,7,3,19,6398561.03,6493515.34,6263942.7,6385339.69,10.924037556612953,-0.4999999999999997,-0.8660254037844388
2023-08-01,CASTING_DB102,7345922.39,13999107.06,6074223.52,-578961.1499999999,14882,657,165,0,557.1095634446397,238.9,4.135700566604567,43.3900783383251,4.4147292030641045,1.1087219459750033,0.0,2023,8,3,20,7097542.24,6398561.03,6493515.34,6663206.203333333,3.4995233786731195,-0.8660254037844385,-0.5000000000000004
2023-09-01,CASTING_DB102,6497613.54,12053636.03,5149322.6,-406699.88999999996,13979,483,147,0,511.58220435684643,218.9,3.374084707616644,42.720077055454276,3.4551827741612415,1.0515773660490735,0.0,2023,9,3,21,7345922.39,7097542.24,6398561.03,6947341.886666667,-11.548023583189526,-1.0,-1.8369701987210297e-16
2022-01-01,CASTING_DB109,12393422.857,15435671.826999996,872625.1399999999,-1808521.6799999997,62234,7144,32,1891,257.79532650208745,179.99,11.716507711938675,5.653301973378371,11.479255712311598,0.051418838576983636,3.038531992158627,2022,1,1,1,,,,,,0.49999999999999994,0.8660254037844387
2022-02-01,CASTING_DB109,12049610.4364,13972001.950299997,953538.334,-824566.8899,47489,2763,58,614,287.845488671019,179.99,5.90156580877299,6.824636422123648,5.818189475457474,0.12213354671608162,1.2929309945461054,2022,2,1,2,12393422.857,,,12393422.857,-2.7741522625915227,0.8660254037844386,0.5000000000000001
2022-03-01,CASTING_DB109,13149375.6084,14657368.585399995,441853.747,-897410.9499999998,49627,2769,244,633,299.8758925408821,199.99,6.122592501998611,3.0145502886522517,5.57962399500272,0.49166784210208153,1.2755153444697445,2022,3,1,3,12049610.4364,12393422.857,,12221516.6467,9.126976990706526,1.0,6.123233995736766e-17
2022-04-01,CASTING_DB109,18074155.9299,19877957.686899997,474346.49700000003,-1134393.3999999997,59722,3238,331,694,340.1067553720032,249.99,5.706790495623147,2.3862939265264895,5.42178761595392,0.5542346204078898,1.1620508355379926,2022,4,2,4,13149375.6084,12049610.4364,12393422.857,12530802.967266666,37.45257925672141,0.8660254037844387,-0.4999999999999998
2022-05-01,CASTING_DB109,19541175.9254,22115087.11539999,554373.21,-1698377.6099999999,66680,4621,306,876,342.2808491998775,299.99,7.679723806366212,2.5067647579554797,6.9301139772045595,0.4589082183563287,1.3137372525494901,2022,5,2,5,18074155.9299,13149375.6084,12049610.4364,14424380.658233335,8.116672231830835,0.49999999999999994,-0.8660254037844387
2022-06-01,CASTING_DB109,19494833.5808,22470489.687799998,960134.6569999999,-1747118.8199999998,68567,4694,300,652,332.64355915938484,279.99,7.775170208901014,4.272869306988401,6.84585879504718,0.43752825703326675,0.9508947452856331,2022,6,2,6,19541175.9254,18074155.9299,13149375.6084,16921569.154566668,-0.2371522818120808,1.2246467991473532e-16,-1.0
2022-07-01,CASTING_DB109,18504102.5766,21237409.556699995,1313882.78,-1217465.9800999998,71089,3527,266,592,291.90326746839935,229.99,5.732648216109355,6.186643321503847,4.961386431093418,0.3741788462350012,0.8327589359816568,2022,7,3,7,19494833.5808,19541175.9254,18074155.9299,19036721.812033337,-5.082018269577571,-0.4999999999999997,-0.8660254037844388
2022-08-01,CASTING_DB109,17427233.4542,20002879.124199994,1004400.1,-1417234.6899999997,62737,3922,490,434,320.473251661508,249.99,7.085153498155138,5.021277655899301,6.251494333487416,0.7810383027559494,0.6917767824409838,2022,8,3,8,18504102.5766,19494833.5808,19541175.9254,19180037.360933334,-5.819623610181413,-0.8660254037844385,-0.5000000000000004
2022-09-01,CASTING_DB109,17752799.9928,19999278.612799995,771499.4000000001,-1292767.6499999997,62838,3488,512,610,320.97287767834564,249.99,6.46407140491857,3.8576361424667733,5.550781374327636,0.8147935962315797,0.9707501830102805,2022,9,3,9,17427233.4542,18504102.5766,19494833.5808,18475389.870533332,1.8681481455769422,-1.0,-1.8369701987210297e-16
2022-10-01,CASTING_DB109,18552288.3121,21120882.691899993,1090132.79,-1285207.1897999996,66029,3598,820,790,317.7507248306129,249.99,6.08500699780358,5.161397872912166,5.44912084084266,1.241878568507777,1.1964439867331023,2022,10,4,10,17752799.9928,17427233.4542,18504102.5766,17894712.00786667,4.503449143933613,-0.8660254037844386,0.5000000000000001
2022-11-01,CASTING_DB109,17898698.881,20697761.950599995,1333908.51,-1257929.1695999997,67937,3459,640,683,297.1033228481032,209.994,6.077609611137373,6.444699253879148,5.09148181403359,0.9420492515124307,1.005343185598422,2022,11,4,11,18552288.3121,17752799.9928,17427233.4542,17910773.9197,-3.5229585704191657,-0.5000000000000004,0.8660254037844384
2022-12-01,CASTING_DB109,36106810.3905,40895822.37039999,1257856.4100000001,-2992055.0499,154499,10152,793,2365,270.86718421858444,199.9,7.316285323230525,3.0757577109157848,6.570916316610463,0.5132719305626574,1.5307542443640412,2022,12,4,12,17898698.881,18552288.3121,17752799.9928,18067929.06196667,101.72868782561872,-2.4492935982947064e-16,1.0
2023-01-01,CASTING_DB109,19500411.6334,23175348.9835,1048956.8599999999,-2233399.7800999996,76598,7420,523,1695,314.1723006374859,229.99,9.63696288539214,4.526175035149714,9.686936995744015,0.6827854513172668,2.2128515104833024,2023,1,1,13,36106810.3905,17898698.881,18552288.3121,24185932.527866673,-45.99242795887969,0.49999999999999994,0.8660254037844387
2023-02-01,CASTING_DB109,15950578.0615,18492765.391799998,1405392.26,-988186.2403,54460,2721,440,482,327.3887068130423,249.9,5.343636927001618,7.599686851719724,4.996327579875138,0.8079324274697026,0.8850532500918105,2023,2,1,14,19500411.6334,36106810.3905,17898698.881,24501973.63496667,-18.2038904543938,0.8660254037844386,0.5000000000000001
2023-03-01,CASTING_DB109,16230110.112,18408999.122199997,800798.9,-1204278.4202,52720,3008,548,500,350.7078478476021,249.99,6.541791936682328,4.350040405153212,5.705614567526555,1.039453717754173,0.9484066767830045,2023,3,1,15,15950578.0615,19500411.6334,36106810.3905,23852600.02846667,1.7524885268873636,1.0,6.123233995736766e-17
2023-04-01,CASTING_DB109,14052845.3296,16246349.239599999,633633.85,-1361267.0199999998,44145,3204,438,573,376.4957463081018,299.99,8.378910239612178,3.9001614495368355,7.2579001019368,0.9921848453958545,1.2979952429493715,2023,4,2,16,16230110.112,15950578.0615,19500411.6334,17227033.26896667,-13.414972340761889,0.8660254037844387,-0.4999999999999998
2023-05-01,CASTING_DB109,10070348.7766,12934138.7866,639146.65,-1896665.88,37085,4406,416,996,366.19892458765565,299.99,14.66402913478074,4.941547794911305,11.880814345422678,1.1217473371983282,2.68572199002292,2023,5,2,17,14052845.3296,16230110.112,15950578.0615,15411177.83436667,-28.339432048053137,0.49999999999999994,-0.8660254037844387
2023-06-01,CASTING_DB109,22370212.9472,26520026.425499994,1920573.6199999996,-1952160.0883,73046,4588,752,878,355.28898062315574,299.9,7.361078970958057,7.2419747596981905,6.280973633053144,1.0294882676669497,1.2019823125154012,2023,6,2,18,10070348.7766,14052845.3296,16230110.112,13451101.406066671,122.13940592783263,1.2246467991473532e-16,-1.0
2023-07-01,CASTING_DB109,23200855.821,28048500.601,2967293.0399999996,-1675895.5899999996,79587,4042,517,822,329.349442111395,249.99,5.974991725369625,10.579150316128514,5.078718886250267,0.6496035784738714,1.0328319951750915,2023,7,3,19,22370212.9472,10070348.7766,14052845.3296,15497802.351133337,3.713164804289293,-0.4999999999999997,-0.8660254037844388
2023-08-01,CASTING_DB109,21944616.2808,25486429.081099994,1492311.5899999999,-1891912.7203,76846,4758,396,599,330.6771128280894,249.99,7.423216152721011,5.8553184726323835,6.19160398719517,0.5153163469796735,0.7794810400020822,2023,8,3,20,23200855.821,22370212.9472,10070348.7766,18547139.1816,-5.414625865063682,-0.8660254037844385,-0.5000000000000004
2023-09-01,CASTING_DB109,18007230.337,20364989.457,788268.4800000001,-1408351.7299999997,57425,3485,434,622,359.9811266709928,299.99,6.915553445159831,3.870704090784839,6.0687853722246405,0.7557683935568132,1.0831519373095342,2023,9,3,21,21944616.2808,23200855.821,22370212.9472,22505228.34966667,-17.942377726809177,-1.0,-1.8369701987210297e-16
2022-01-01,CASTING_DB113,19786798.07,32338646.939999998,5997893.89,-5363209.989999999,107734,16657,279,29719,276.20677678326285,233.1,16.584521918776357,18.547139282383345,15.461228581506303,0.25897116973286055,27.585534742978073,2022,1,1,1,,,,,,0.49999999999999994,0.8660254037844387
2022-02-01,CASTING_DB113,19930847.05,30592224.78,6226831.4799999995,-2757083.12,90264,8226,357,36832,276.5674009557012,229.0,9.012365526950735,20.354294350212992,9.113267747939378,0.3955065142249402,40.80475050961624,2022,2,1,2,19786798.07,,,19786798.07,0.7280055089782467,0.8660254037844386,0.5000000000000001
2022-03-01,CASTING_DB113,23567043.2,35223750.97,7049562.7299999995,-2854811.49,97804,8308,515,37832,295.27233876825767,239.09,8.104791259827602,20.01366275841576,8.494540100609383,0.5265633307431189,38.681444521696456,2022,3,1,3,19930847.05,19786798.07,,19858822.560000002,18.244062286354247,1.0,6.123233995736766e-17
2022-04-01,CASTING_DB113,27045405.27,39680241.12,7334728.18,-3128602.16,102802,8159,813,38271,318.91694072758787,268.2,7.884534145189691,18.484585710602154,7.936616019143597,0.7908406451236357,37.22787494406724,2022,4,2,4,23567043.2,19930847.05,19786798.07,21094896.106666666,14.759433504157204,0.8660254037844387,-0.4999999999999998
2022-05-01,CASTING_DB113,30425506.51,43420287.78,7063018.26,-3840686.92,104499,9512,1164,36723,360.7917181363517,298.0,8.845374170387407,16.266631616507446,9.102479449564111,1.1138862572847585,35.14196308098642,2022,5,2,5,27045405.27,23567043.2,19930847.05,23514431.84,12.497876094869852,0.49999999999999994,-0.8660254037844387
2022-06-01,CASTING_DB113,32235429.5,46441529.440000005,7347860.2,-4158359.33,111187,9715,1208,40986,358.69378516094696,298.0,8.953967236097123,15.821744650966,8.737532265462688,1.0864579492206823,36.862223101621595,2022,6,2,6,30425506.51,27045405.27,23567043.2,27012651.66,5.948702906244563,1.2246467991473532e-16,-1.0
2022-07-01,CASTING_DB113,33995722.92,52467263.179999985,12192631.14,-3280208.88,136691,9266,619,60791,292.644860884311,249.0,6.251915349094069,23.238549909055887,6.778793044165307,0.4528462005545354,44.47330109517086,2022,7,3,7,32235429.5,30425506.51,27045405.27,29902113.76,5.460741325007024,-0.4999999999999997,-0.8660254037844388
2022-08-01,CASTING_DB113,36489554.55,55619218.68999998,10848932.209999999,-5159239.41,146669,14152,710,57497,314.3779737318841,260.1,9.27600123035817,19.50572565657161,9.648937403268585,0.48408320776714914,39.2018763337856,2022,8,3,8,33995722.92,32235429.5,30425506.51,32218886.310000002,7.335721719666233,-0.8660254037844385,-0.5000000000000004
2022-09-01,CASTING_DB113,28007402.68,42151531.07,8767733.5,-3698611.7299999995,107886,9850,580,35967,323.4614461186889,263.5,8.774560819292203,20.800510153331427,9.130007600615464,0.5376045084626365,33.33796785495801,2022,9,3,9,36489554.55,33995722.92,32235429.5,34240235.656666666,-23.245424545748527,-1.0,-1.8369701987210297e-16
2022-10-01,CASTING_DB113,25881990.62,36629864.99999999,5681301.3100000005,-3299754.62,94538,8406,539,35497,338.87734999361305,285.0,9.008372321328514,15.510025248523307,8.89166261185978,0.5701411072796124,37.54786435084305,2022,10,4,10,28007402.68,36489554.55,33995722.92,32830893.383333337,-7.588751032303865,-0.8660254037844386,0.5000000000000001
2022-11-01,CASTING_DB113,28500248.99,40651716.97,6711813.1,-2886556.6,104081,7435,568,50690,324.7907694775293,268.79,7.100700327443022,16.510527968482016,7.143474793670314,0.5457288073711821,48.70245289726271,2022,11,4,11,25881990.62,28007402.68,36489554.55,30126315.95,10.116139861270067,-0.5000000000000004,0.8660254037844384
2022-12-01,CASTING_DB113,70868098.17,97191204.28,10169241.629999999,-10400487.99,268600,26533,564,96141,335.75539527447154,288.54,10.701058873637407,10.463129565411327,9.878257632166791,0.20997766195085626,35.7933730454207,2022,12,4,12,28500248.99,25881990.62,28007402.68,27463214.096666664,148.65782118207386,-2.4492935982947064e-16,1.0
2023-01-01,CASTING_DB113,27102870.48,42979289.04000001,6684723.260000001,-6781399.290000001,119315,17394,543,42976,332.5149384218325,279.0,15.778295643021648,15.553359325647886,14.578217323890541,0.45509785022838706,36.018941457486484,2023,1,1,13,70868098.17,28500248.99,25881990.62,41750112.593333334,-61.75589414720144,0.49999999999999994,0.8660254037844387
2023-02-01,CASTING_DB113,24407577.26,38730703.72,8947997.18,-3037063.07,96989,8247,458,43314,309.29114353010124,260.1,7.84148692973968,23.103110247334282,8.503026116363712,0.4722184990050418,44.658672632979,2023,2,1,14,27102870.48,70868098.17,28500248.99,42157072.54666667,-9.944678081197832,0.8660254037844386,0.5000000000000001
2023-03-01,CASTING_DB113,27430676.93,41031672.01,7913858.739999999,-3342547.0599999996,94128,8214,1055,40064,358.2322385714119,289.0,8.14626091567844,19.287195359894866,8.726415094339622,1.120814210436852,42.563318035016145,2023,3,1,15,24407577.26,27102870.48,70868098.17,40792848.63666666,12.385906383893165,1.0,6.123233995736766e-17
2023-04-01,CASTING_DB113,29426189.13,43102050.160000004,8039045.319999998,-3144798.63,91346,7277,1594,38553,387.4961365772411,298.0,7.296169482254622,18.651190117774195,7.966413417117334,1.7450134652858365,42.20546055656515,2023,4,2,16,27430676.93,24407577.26,27102870.48,26313708.223333333,7.274746463940063,0.8660254037844387,-0.4999999999999998
2023-05-01,CASTING_DB113,32540106.04,47020929.47,7966933.63,-3762257.06,93107,7719,2286,39444,425.1808142326747,328.0,8.001239240496878,16.94337759759303,8.2904615120238,2.455239670486644,42.36416166346247,2023,5,2,17,29426189.13,27430676.93,24407577.26,27088147.77333333,10.582127696669218,0.49999999999999994,-0.8660254037844387
2023-06-01,CASTING_DB113,35396606.54,52289088.089999996,9166030.84,-4317685.58,102550,8708,2563,42908,423.2444035680411,326.52,8.257335780207905,17.529528960657,8.491467576791809,2.4992686494392977,41.84105314480741,2023,6,2,18,32540106.04,29426189.13,27430676.93,29798990.7,8.778399481822952,1.2246467991473532e-16,-1.0
2023-07-01,CASTING_DB113,34091938.58,54144468.21000001,12741336.700000001,-3707190.01,108302,8020,1981,49775,376.9584198296667,298.0,6.846849055053263,23.53211162880493,7.40521874018947,1.829144429465753,45.95944673228565,2023,7,3,19,35396606.54,32540106.04,29426189.13,32454300.570000004,-3.685856039690294,-0.4999999999999997,-0.8660254037844388
2023-08-01,CASTING_DB113,35966496.04,57589585.70999999,12988955.56,-4953113.04,117456,11326,1746,50434,385.5975224274406,309.0,8.600709622989925,22.554347977788225,9.64275984198338,1.4865140988966081,42.9386323389184,2023,8,3,20,34091938.58,35396606.54,32540106.04,34009550.38666666,5.498535835975327,-0.8660254037844385,-0.5000000000000004
2023-09-01,CASTING_DB113,27170847.66,42874367.57000001,9979938.11,-3503136.83,86046,7557,1453,35893,390.86093542139196,298.0,8.170702050078075,23.277166931281215,8.782511679799178,1.6886316621342075,41.71373451409711,2023,9,3,21,35966496.04,34091938.58,35396606.54,35151680.38666666,-24.45511614536471,-1.0,-1.8369701987210297e-16
