mes_referencia,loja,faturamento_liquido_mensal,FAT_BRUTO_POS_MES,TOTAL_DESCONTOS_POS,TOTAL_REG_NEG_VALOR,QTD_TRANSACOES,QTD_REG_NEG,QTD_ALTO_VALOR,QTD_INCONSIST_FINANCEIRA,TICKET_MEDIO_POS,TICKET_MEDIano_POS,TAXA_REG_NEG_PCT,TAXA_DESCONTO_PCT,PCT_QTD_REG_NEG,PCT_QTD_ALTO_VALOR,PCT_INCONSIST_FINANCEIRA
2022-01-01,LOJA_001,10359240.33,10412906.72,14523.96,-39142.43000000001,111828,318,298,0,114.05612390176488,99.99,0.3759030120265977,0.1394803621173704,0.2843652752441249,0.2664806667382051,0.0
2022-02-01,LOJA_001,10980198.36,11033972.010000002,19952.95,-33820.7,107689,285,409,0,116.06410238576969,99.99,0.3065142812520148,0.1808319794713707,0.2646509857088468,0.3797973794909415,0.0
2022-03-01,LOJA_001,13205997.56,13275769.21,21261.2,-48510.45,122772,422,529,0,122.10846923452512,99.99,0.3654059454683755,0.1601504188848429,0.3437265826084124,0.430880005212915,0.0
2022-04-01,LOJA_001,16111945.79,16206681.09,29943.1,-64905.59,129551,424,885,3,140.16732703121883,129.99,0.4004866242481236,0.1847577541244751,0.3272842355520219,0.6831286520366496,0.0023156903458869
2022-05-01,LOJA_001,22810386.07,22925904.39,43402.29,-72116.05,170512,437,1447,0,152.7781628565324,149.99,0.3145614182682196,0.1893154977080492,0.2562869475462138,0.8486206249413532,0.0
2022-06-01,LOJA_001,20468268.66,20603058.02,46868.46,-87923.9,150598,534,1553,2,156.26619251060464,149.99,0.4267516982898833,0.2274830268133177,0.3545863822892734,1.0312221941858457,0.0013280388849785
2022-07-01,LOJA_001,15679438.79,15813916.14,31100.86,-103376.49,124029,711,802,0,143.82007727355565,137.20499999999998,0.6537058188801045,0.1966676674181478,0.5732530295334156,0.6466229672092817,0.0
2022-08-01,LOJA_001,16309237.28,16398593.589999998,39160.01,-50196.3,126824,356,840,0,147.15293803351534,139.99,0.3061012502353259,0.2388010275703162,0.2807039677032738,0.662335204693118,0.0
2022-09-01,LOJA_001,15128928.49,15206287.240000002,33660.05,-43698.7,114218,336,729,0,149.53704949538752,149.99,0.2873725802380674,0.2213561368974902,0.294174298271726,0.6382531650002626,0.0
2022-10-01,LOJA_001,17460713.27,17540602.149999995,32262.04,-47626.84,138177,360,709,0,143.0829085931435,129.99,0.271523403773228,0.1839277792410337,0.2605354002475086,0.5131099965985656,0.0
2022-11-01,LOJA_001,16600863.66,16667958.750000004,26236.72,-40858.37,135369,332,788,0,137.67028755552982,127.39,0.2451312162024638,0.1574081169357345,0.2452555607266065,0.5821125959414637,0.0
2022-12-01,LOJA_001,41965741.9,42156085.34000001,64551.51,-125791.94,355924,928,2362,0,132.9431635466642,119.99,0.2983956859026511,0.1531250102550437,0.2607298187253458,0.6636248187815376,0.0
2023-01-01,LOJA_001,12049560.66,12106694.669999998,21397.89,-35736.119999999995,110035,285,534,0,133.5746140412927,119.99,0.2951765198849274,0.1767442773048806,0.2590084972963148,0.485300131776253,0.0
2023-02-01,LOJA_001,11120245.25,11201280.86,39373.73,-41661.880000000005,92765,337,536,0,137.33506158105197,119.99,0.371938535607793,0.3515109610420036,0.3632835660001078,0.5778041287123377,0.0
2023-03-01,LOJA_001,14083482.28,14179699.32,51944.42,-44272.62,113782,324,764,0,140.02988274474433,119.99,0.3122253794024738,0.3663294885719763,0.2847550579177725,0.6714594575591921,0.0
2023-04-01,LOJA_001,15382209.46,15481810.21,52992.16,-46608.6,108523,324,1185,0,159.30304030892495,149.99,0.3010539424510876,0.3422865884621899,0.2985542235286529,1.091934428646462,0.0
2023-05-01,LOJA_001,19023703.25,19119270.13,44759.81,-50807.100000000006,132809,331,1401,0,164.3490091417444,149.99,0.2657376544948685,0.2341083613320965,0.2492300973578597,1.054898387910458,0.0
2023-06-01,LOJA_001,19808645.85,19939405.27,57338.810000000005,-73667.54999999999,135175,416,1837,15,167.1091579955958,149.99,0.3694571076843357,0.2875652970766866,0.3077492139818754,1.3589791011651562,0.0110967264656926
2023-07-01,LOJA_001,15510171.31,15929745.89,385578.36,-33996.22,111957,251,1411,0,155.91878678756996,142.49,0.213413448241766,2.420492848175621,0.2241932170386845,1.2603052957832026,0.0
2023-08-01,LOJA_001,16130857.36,16279111.47,74470.39,-73783.72,129097,488,1175,0,144.472745979102,129.99,0.4532416903463835,0.4574597952550293,0.3780103333152591,0.9101683230439128,0.0
2023-09-01,LOJA_001,16689336.22,16784272.409999996,45609.58,-49326.65,132060,334,1061,2,141.8218262925118,129.99,0.2938861381361482,0.2717399889960438,0.2529153415114342,0.8034226866575799,0.0015144631228229
2022-01-01,LOJA_002,1354249.31,2090413.03,691549.4199999999,-44614.3,3547,96,31,0,405.3502202260215,260.0,2.1342337308335666,33.081951273524155,2.7065125458133634,0.8739780095855653,0.0
2022-02-01,LOJA_002,1438105.66,2215810.97,743070.3300000001,-34634.98,3864,72,18,0,388.38097046413503,249.5,1.5630836957179608,33.53491520984753,1.8633540372670807,0.4658385093167702,0.0
2022-03-01,LOJA_002,1919536.59,3315957.42,1346979.04,-49441.79,4950,105,38,0,406.3938864809081,269.0,1.491026081993538,40.62111991775817,2.121212121212121,0.7676767676767676,0.0
2022-04-01,LOJA_002,1755679.76,3089331.5300000003,1280969.34,-52682.43,4497,92,26,0,410.5249012485812,270.0,1.7053019233581577,41.4642885543592,2.0458083166555485,0.578163219924394,0.0
2022-05-01,LOJA_002,1874773.84,3199808.99,1267387.74,-57647.41,4833,135,26,0,411.328490847169,272.495,1.8015891004794005,39.6082311150704,2.793296089385475,0.5379681357334989,0.0
2022-06-01,LOJA_002,1596889.29,2551446.58,891506.6799999999,-63050.61,3952,117,40,0,432.83960886571055,290.0,2.471171079740968,34.941224597381144,2.960526315789473,1.0121457489878545,0.0
2022-07-01,LOJA_002,1935183.62,3161841.15,1158238.39,-68419.14,4757,107,37,0,430.88231397849466,260.0,2.1639018772337755,36.63177038479622,2.249316796300189,0.7778011351692242,0.0
2022-08-01,LOJA_002,1843407.31,3095234.18,1195084.4700000002,-56742.4,4402,112,32,0,442.9253403263403,292.5,1.8332183188801567,38.61047017773629,2.5442980463425715,0.7269422989550204,0.0
2022-09-01,LOJA_002,1579122.79,2541105.94,912868.02,-49115.13,3853,94,25,0,433.1572013833466,270.0,1.9328249651803184,35.924044158505254,2.439657409810537,0.6488450558006749,0.0
2022-10-01,LOJA_002,1750577.52,2798770.46,989792.76,-58400.18,4254,124,39,0,438.0091283292978,268.3,2.086637001306638,35.36527107692854,2.914903620122238,0.9167842031029618,0.0
2022-11-01,LOJA_002,1940957.23,3103042.48,1113963.82,-48121.43,4633,93,27,0,438.1230528634361,268.0,1.5507821858758442,35.89908379211103,2.007338657457371,0.5827757392618175,0.0
2022-12-01,LOJA_002,1729156.74,2640300.6100000003,851002.59,-60141.280000000006,4420,116,17,0,415.729093866171,275.0,2.27781941844872,32.23127649847416,2.6244343891402715,0.3846153846153846,0.0
2023-01-01,LOJA_002,1590605.5,2577863.15,930547.65,-56710.0,3892,115,30,0,436.143897272968,268.0,2.1998840396163,36.09763574920569,2.9547790339157243,0.7708119218910586,0.0
2023-02-01,LOJA_002,1636447.17,2681296.46,1001976.84,-42872.45,3701,82,44,0,464.028632218845,276.75,1.5989447880746466,37.36911807208368,2.215617400702513,1.18886787354769,0.0
2023-03-01,LOJA_002,1950962.21,3506023.08,1442243.08,-112817.79,4757,159,64,0,448.8429752066116,240.0,3.217827932838366,41.13615475685916,3.342442715997477,1.3453857473197397,0.0
2023-04-01,LOJA_002,1797407.43,3147231.09,1302746.35,-47077.31,4243,93,48,0,444.4541542168674,240.0,1.4958326431631686,41.39341258223273,2.19184539241103,1.1312750412444026,0.0
2023-05-01,LOJA_002,2032124.87,3570433.95,1469671.84,-68637.23999999999,4513,130,65,0,479.2977663700663,306.0,1.922378090764009,41.16227496660456,2.8805672501661865,1.4402836250830933,0.0
2023-06-01,LOJA_002,1812723.37,2886254.21,1018513.43,-55017.41,3772,94,61,0,507.81424143556274,319.0,1.906187258536732,35.28841730126051,2.4920466595970305,1.6171792152704134,0.0
2023-07-01,LOJA_002,2150647.16,4253241.29,1959525.75,-143068.38,6109,534,74,0,411.428796412556,239.99,3.363749438254889,46.07135162087172,8.741201505974791,1.211327549517106,0.0
2023-08-01,LOJA_002,2731531.94,4468006.19,1634896.41,-101577.84,5445,157,95,0,535.7620612708018,350.0,2.2734489541967258,36.59118498222134,2.8833792470156103,1.7447199265381086,0.0
2023-09-01,LOJA_002,2286329.08,3990481.23,1637993.91,-66158.23999999999,5157,116,70,0,466.6707637373536,299.0,1.6579012952781136,41.04752824510843,2.2493697886368045,1.357378320729106,0.0
2022-01-01,LOJA_003,6375231.42,6468599.51,0.0,-93368.09,11043,131,100,131,592.7968759164223,399.5,1.4434050192110286,0.0,1.1862718464185458,0.9055510278004166,1.1862718464185458
2022-02-01,LOJA_003,6385675.11,6491866.290000001,0.0,-106191.18,11864,171,85,171,555.1925331394852,360.0,1.6357573501409866,0.0,1.4413351314902223,0.7164531355360756,1.4413351314902223
2022-03-01,LOJA_003,7199061.09,7351712.229999999,0.0,-152651.14,12484,224,126,224,599.6991785626886,407.07,2.0764025471111243,0.0,1.7942966997757128,1.0092918936238384,1.7942966997757128
2022-04-01,LOJA_003,6356634.25,6506911.110000001,0.0,-150276.86000000002,12144,227,112,227,546.065047834844,359.0,2.309496125881455,0.0,1.8692358366271409,0.922266139657444,1.8692358366271409
2022-05-01,LOJA_003,8273692.08,8435116.030000001,0.0,-161423.95,15272,270,153,270,562.266099853353,369.0,1.9137134501278457,0.0,1.7679413305395495,1.001833420639078,1.7679413305395495
2022-06-01,LOJA_003,6819407.84,6911131.56,0.0,-91723.72,11662,131,113,131,599.4042983521249,388.44,1.3271881630914866,0.0,1.12330646544332,0.9689590121762992,1.12330646544332
2022-07-01,LOJA_003,7676416.7,7832223.890000001,0.0,-155807.19,13251,230,100,230,601.5070954611781,369.0,1.9893097054966848,0.0,1.735718059014414,0.7546600256584409,1.735718059014414
2022-08-01,LOJA_003,7293279.0,7398885.21,0.0,-105606.21,13120,182,111,182,571.8724076364199,369.0,1.4273259687454998,0.0,1.3871951219512195,0.8460365853658537,1.3871951219512195
2022-09-01,LOJA_003,6175274.54,6312868.669999999,0.0,-137594.13,11296,197,86,197,568.7781484818452,349.0,2.179581695622381,0.0,1.7439801699716713,0.7613314447592068,1.7439801699716713
2022-10-01,LOJA_003,6900950.94,7030111.32,0.0,-129160.38,12845,190,101,190,555.5204519952588,334.75,1.8372451604365203,0.0,1.479174776177501,0.7862981704943558,1.479174776177501
2022-11-01,LOJA_003,8314160.4,8446273.42,0.0,-132113.02,14781,201,103,201,579.3054471879286,349.0,1.5641575098334903,0.0,1.3598538664501725,0.6968405385291929,1.3598538664501725
2022-12-01,LOJA_003,8281996.12,8444380.79,0.0,-162384.66999999998,14714,226,149,226,582.8936833022709,339.0,1.9229908508187965,0.0,1.5359521544107653,1.01264102215577,1.5359521544107653
2023-01-01,LOJA_003,7396610.01,7520550.06,0.0,-123940.05000000002,13494,193,122,193,565.4123795203369,330.3,1.64801841635504,0.0,1.430265303097673,0.904105528382985,1.430265303097673
2023-02-01,LOJA_003,6183992.66,6287158.21,0.0,-103165.55,11515,148,123,148,553.106203043899,329.0,1.6408931754876264,0.0,1.2852800694745985,1.068171949630916,1.2852800694745985
2023-03-01,LOJA_003,7144957.51,7261876.83,0.0,-116919.32,12436,171,155,171,592.081274357929,353.7,1.6100427305099307,0.0,1.3750402058539724,1.2463814731424894,1.3750402058539724
2023-04-01,LOJA_003,6223365.88,6320447.32,0.0,-97081.44,11580,162,114,162,553.5511753371869,339.0,1.53599001913681,0.0,1.3989637305699485,0.9844559585492229,1.3989637305699485
2023-05-01,LOJA_003,9285184.88,9408737.42,0.0,-123552.54,16852,187,146,187,564.580703270327,349.09,1.313168116875771,0.0,1.1096605744125323,0.866366009969143,1.1096605744125323
2023-06-01,LOJA_003,7897667.14,8063140.3,0.0,-165473.15999999997,13992,281,147,281,588.0782072788272,359.0,2.05221729801725,0.0,2.008290451686678,1.0506003430531732,2.008290451686678
2023-07-01,LOJA_003,9289856.38,9417081.61,0.0,-127225.23,15318,193,191,193,622.6581334303094,403.83,1.3510048576503737,0.0,1.259955607781695,1.2468990729860294,1.259955607781695
2023-08-01,LOJA_003,7282099.7,7404621.969999999,0.0,-122522.27,12538,192,132,192,599.758785841568,399.0,1.6546728583363457,0.0,1.5313447120752912,1.0527994895517625,1.5313447120752912
2023-09-01,LOJA_003,6773131.72,6889925.579999999,0.0,-116793.86000000002,12736,183,117,183,548.8668509519636,338.0,1.6951396447449003,0.0,1.4368718592964824,0.9186557788944724,1.4368718592964824
2022-01-01,LOJA_004,3142394.0900000003,4250855.18,783620.8400000001,-324840.25,35291,1422,69,1422,102.40214832097816,30.0,7.641762333573547,18.434428057838478,4.029355926440169,0.1955172706922444,4.029355926440169
2022-02-01,LOJA_004,2419355.36,2739589.1,134326.14,-185907.6,25881,770,79,770,103.77466480780718,15.99,6.78596655242934,4.903149162040395,2.975155519493065,0.3052432286233144,2.975155519493065
2022-03-01,LOJA_004,2885525.43,3259745.89,165574.01,-208646.44999999995,28901,812,71,812,110.16384377113968,15.99,6.400696773330389,5.079353286645297,2.809591363620636,0.245666239922494,2.809591363620636
2022-04-01,LOJA_004,3110050.86,3493644.3900000006,174921.91999999998,-208671.61,29347,791,109,791,116.2180441938647,29.99,5.9728921065145935,5.006861044606774,2.6953351279517497,0.3714178621324155,2.6953351279517497
2022-05-01,LOJA_004,3182532.73,3620419.83,171642.05000000002,-266245.05,28919,979,92,979,123.435138869005,30.0,7.353982756193221,4.740943262372972,3.3853176112590337,0.3181299491683668,3.3853176112590337
2022-06-01,LOJA_004,2902351.3000000003,3280721.46,161532.72,-216837.43999999997,26154,788,119,788,122.96730820783723,20.0,6.609443765457613,4.923695046028078,3.012923453391451,0.4549973235451556,3.012923453391451
2022-07-01,LOJA_004,4016584.2,4991410.33,749428.3600000001,-225397.76999999996,41679,857,126,857,103.91411420312576,19.99,4.515713097063689,15.01436088104582,2.0561913673552628,0.3023105160872382,2.0561913673552628
2022-08-01,LOJA_004,3102829.8000000003,3562446.37,186138.11,-273478.4599999999,29858,952,213,952,116.80302566941118,19.99,7.676703916247303,5.225008060963455,3.1884252126733204,0.7133766494741778,3.1884252126733204
2022-09-01,LOJA_004,3184944.94,3630253.71,233684.31,-211624.46,35405,798,214,798,98.1468893576444,15.0,5.8294674947112695,6.4371343897063324,2.253918938003107,0.6044344019206327,2.253918938003107
2022-10-01,LOJA_004,3582766.54,4053550.57,226450.56,-244333.46999999997,42258,931,253,931,92.6053187988482,15.0,6.027640849192611,5.586474279510469,2.203133134554404,0.5987032041270292,2.203133134554404
2022-11-01,LOJA_004,3887440.36,4523611.92,422823.96,-213347.6,45651,802,321,802,91.43543802537404,15.0,4.716310854535019,9.34704319198098,1.7568070798010995,0.703160938424131,1.7568070798010995
2022-12-01,LOJA_004,6622087.61,7543853.91,415126.92,-506639.37999999983,71909,1932,559,1932,101.87242936965002,19.99,6.715922472045854,5.502849404993316,2.686729060340152,0.7773713999638432,2.686729060340152
2023-01-01,LOJA_004,4298811.24,5657252.87,990808.99,-367632.64,44039,1347,214,1347,109.3048786657922,19.99,6.498430394538825,17.51395973926122,3.0586525579599897,0.4859329230908967,3.0586525579599897
2023-02-01,LOJA_004,3029599.45,3359312.7399999998,121135.77000000002,-208577.52,26769,751,312,751,124.45910408178952,20.0,6.208934271478398,3.60596882087257,2.8054839553214537,1.1655272890283537,2.8054839553214537
2023-03-01,LOJA_004,3368878.97,3736109.22,123172.68,-244057.56999999995,30029,850,564,850,123.8197518763494,19.99,6.532399232161633,3.296816895518916,2.830597089480169,1.8781844217256651,2.830597089480169
2023-04-01,LOJA_004,4317262.07,4731790.029999999,173834.32,-240693.64,36473,860,721,860,127.98572740291466,19.99,5.08673543149589,3.6737538837918393,2.3579085899158283,1.9768047596852467,2.3579085899158283
2023-05-01,LOJA_004,4265863.72,4787800.989999999,170546.88,-351390.39,34829,1165,784,1165,137.15702560598857,29.99,7.339285628912492,3.5621129691106903,3.344913721324184,2.2509977317752448,3.344913721324184
2023-06-01,LOJA_004,4414825.43,4900379.98,195539.93,-290014.6199999999,39220,986,670,986,123.05382774493904,19.99,5.918206775467234,3.990301380669668,2.514023457419684,1.7083120856705762,2.514023457419684
2023-07-01,LOJA_004,5639469.76,6869555.09,957594.9,-272490.42999999993,54728,981,479,981,109.99609634026083,19.99,3.966638689551581,13.939693145396989,1.7925010963309458,0.8752375383715831,1.7925010963309458
2023-08-01,LOJA_004,4041340.42,4515980.969999999,149418.76,-325221.7899999999,35101,1058,770,1058,128.26608142643124,29.99,7.2015757409181465,3.308666732490683,3.01415914076522,2.193669696020057,3.01415914076522
2023-09-01,LOJA_004,4733006.89,5192460.399999999,174174.44,-285279.06999999995,44497,995,888,995,115.35759183485814,19.99,5.494101986796085,3.3543720429721526,2.2361058048857227,1.9956401555161023,2.2361058048857227
2022-01-01,LOJA_005,4467911.76,8403518.9,3643344.1,-292263.04,9901,445,95,0,503.4025803722505,344.0,3.477864969161906,43.354981923108426,4.494495505504494,0.9594990405009596,0.0
2022-02-01,LOJA_005,4398800.29,8259288.33,3505955.0700000003,-354532.97,9413,496,115,0,533.064176292475,341.0,4.292536545942331,42.44863394907053,5.269308403272071,1.2217146499521938,0.0
2022-03-01,LOJA_005,4619389.65,8580060.19,3618798.02,-341872.52,9264,481,125,0,564.8710201525674,370.4,3.984500253255216,42.17683722332955,5.192141623488774,1.3493091537132988,0.0
2022-04-01,LOJA_005,4413858.52,8241106.9,3454583.94,-372665.44,8989,449,127,1,560.4828992974237,349.0,4.52203137906147,41.91893130278409,4.994993881410613,1.4128379130047837,0.0111247079764156
2022-05-01,LOJA_005,4882373.59,9475903.569999998,4117279.21,-476250.77,9908,617,170,0,576.7543170810462,372.0,5.025914061723616,43.4499905954615,6.227291077916835,1.7157852240613645,0.0
2022-06-01,LOJA_005,4153858.39,8197987.15,3643752.21,-400376.55,8931,531,103,0,542.1708261904761,337.0,4.883839687404243,44.44691292300939,5.945582801477998,1.153286306124734,0.0
2022-07-01,LOJA_005,4799758.1,9851485.21,4468976.5,-582750.6099999999,11240,836,54,0,517.3499336793542,368.0,5.9153579138348,45.36347976712844,7.437722419928826,0.4804270462633452,0.0
2022-08-01,LOJA_005,4977060.75,11364768.86,5205876.42,-1181831.69,12621,1454,104,0,551.5261431002059,395.0,10.39908250276548,45.80714737035136,11.520481736787891,0.8240234529752,0.0
2022-09-01,LOJA_005,4303165.44,8425866.85,3710681.33,-412020.08,9671,630,54,0,521.5336268111934,360.65,4.889942926169074,44.03916411282953,6.514321166373695,0.5583703856891737,0.0
2022-10-01,LOJA_005,4457015.11,8699321.409999998,3829936.35,-412369.95,9768,611,67,0,531.7664147646609,369.0,4.740254217138991,44.02569084983377,6.255118755118755,0.685913185913186,0.0
2022-11-01,LOJA_005,5883011.99,13609315.59,7300405.39,-425898.21,14264,708,61,0,465.3961493065802,320.0,3.1294608989223973,53.64270775941349,4.963544587773416,0.4276500280426248,0.0
2022-12-01,LOJA_005,5359546.14,10242502.76,4391792.14,-491164.48,11923,695,70,0,521.082171357321,360.845,4.7953560912684585,42.87811527033457,5.829069864966871,0.5871005619391092,0.0
2023-01-01,LOJA_005,5471567.17,10781970.63,4814752.07,-495651.39,12125,705,67,0,522.5235166374781,350.0,4.597038955206281,44.65558509873256,5.814432989690721,0.5525773195876289,0.0
2023-02-01,LOJA_005,4944178.09,9613725.08,4297128.1,-372418.89,10855,574,44,0,517.128390234413,350.0,3.873825045972711,44.69784671645717,5.287885766927683,0.4053431598341778,0.0
2023-03-01,LOJA_005,5322784.89,10450172.71,4623619.5600000005,-503769.26,11110,685,87,1,558.9020767386091,378.83,4.820678796226326,44.24443201379396,6.165616561656165,0.7830783078307831,0.009000900090009
2023-04-01,LOJA_005,4657360.13,9424474.8,4329281.01,-437833.66,9225,554,92,0,587.6131691846384,399.5,4.645708851595634,45.93657579730596,6.005420054200542,0.997289972899729,0.0
2023-05-01,LOJA_005,5125333.19,10726854.239999998,5002376.71,-599144.34,10618,818,91,0,584.1303602040815,412.63,5.58546174484049,46.63414453182689,7.703899039367112,0.8570352232058768,0.0
2023-06-01,LOJA_005,4575867.84,9731274.08,4577361.390000001,-578044.8500000001,10028,776,46,0,557.0593050151319,390.855,5.9400736763546185,47.037637131272746,7.738332668528121,0.4587155963302752,0.0
2023-07-01,LOJA_005,5461002.43,11090023.16,5169767.26,-459253.47,11211,675,78,0,561.9073557327259,399.5,4.141140765660944,46.616379293476605,6.020872357506021,0.6957452502006957,0.0
2023-08-01,LOJA_005,5930993.83,12388160.19,5846313.38,-610852.98,11957,869,218,0,589.9933991702742,360.0,4.930941888312795,47.19274928910973,7.267709291628336,1.8231997992807565,0.0
2023-09-01,LOJA_005,5061330.64,10387333.89,4784417.47,-541585.78,10442,731,224,0,576.9659581917413,343.5,5.213905567446816,46.06011052177701,7.000574602566558,2.1451829151503543,0.0
2022-01-01,LOJA_006,5070798.72,9572053.6,4133643.1,-367611.78,12237,516,84,0,463.98861018684414,199.0,3.8404693011748288,43.18449595810872,4.216719784260848,0.6864427555773475,0.0
2022-02-01,LOJA_006,5640364.56,10566453.61,4585881.71,-340207.34,12830,466,99,0,483.7085004852799,199.0,3.2196927423031574,43.40038653706823,3.632112236944661,0.7716289945440374,0.0
2022-03-01,LOJA_006,6009786.28,11231990.04,4704821.98,-517381.78,13485,758,116,0,512.8599088551897,219.0,4.606323351048841,41.8876972223526,5.621060437523174,0.8602150537634409,0.0
2022-04-01,LOJA_006,5379543.17,9642466.19,3877491.45,-385431.57,12443,542,112,0,484.4109520208386,217.0,3.9972301940734094,40.21265279645226,4.355862734067348,0.9001044764124407,0.0
2022-05-01,LOJA_006,5892884.64,10587176.65,4341224.31,-353067.7,13075,534,110,0,498.0426074475719,218.0,3.334861707441143,41.00455157702502,4.084130019120459,0.8413001912045889,0.0
2022-06-01,LOJA_006,5488711.14,10093824.0,4236636.02,-368476.84,12323,521,100,0,496.28774614472127,199.0,3.6505177819625145,41.97255688230743,4.227866590927533,0.8114907084313885,0.0
2022-07-01,LOJA_006,6033440.37,11105371.79,4585661.5600000005,-486269.86,13639,618,132,0,500.7073366100914,212.0,4.378690503976364,41.29228311049639,4.531123982696679,0.9678128895080286,0.0
2022-08-01,LOJA_006,5949148.55,10691967.88,4328795.609999999,-414023.72,13139,579,129,0,506.6219960191082,203.5,3.8722873529620063,40.48642549794116,4.406728061496309,0.9818098789862242,0.0
2022-09-01,LOJA_006,5315887.34,9647290.46,3962098.98,-369304.14,12145,513,121,0,488.75442572214587,196.0,3.828060754791456,41.069552082295246,4.223960477562783,0.9962947715109098,0.0
2022-10-01,LOJA_006,5404166.43,10058809.56,4154794.22,-499848.91,12382,638,130,0,502.72610183923706,210.0,4.969265070766486,41.305029141042816,5.152640930382814,1.0499111613632697,0.0
2022-11-01,LOJA_006,6343320.9,12389345.12,5562641.09,-483383.13,13977,654,134,0,512.399912181941,219.0,3.9016035578803865,44.89858855429157,4.679115690062245,0.9587178936824784,0.0
2022-12-01,LOJA_006,6029641.19,11091357.94,4645372.37,-416344.38,14506,578,95,0,462.807694572085,200.0,3.753772822518791,41.88280997809002,3.9845581138839097,0.6549014201020268,0.0
2023-01-01,LOJA_006,6887233.98,12827515.88,5465386.8100000005,-474895.09,14960,653,119,0,514.5823072621794,214.5,3.702159439462725,42.60674366828381,4.364973262032086,0.7954545454545454,0.0
2023-02-01,LOJA_006,5844089.49,11027125.66,4799786.039999999,-383250.13,13371,503,125,0,483.9399766863537,200.0,3.475521562162012,43.52708210636278,3.761872709595393,0.9348590232592924,0.0
2023-03-01,LOJA_006,7089316.84,13443445.989999998,5774139.31,-579989.84,14764,727,166,0,546.3636589014747,239.0,4.314294418495298,42.95133341774969,4.924139799512328,1.124356542942292,0.0
2023-04-01,LOJA_006,6263942.7,11899301.1,5182803.55,-452554.85,13026,554,153,0,538.5261024695318,220.0,3.803205299175092,43.55552907220744,4.253032396744972,1.174573929064947,0.0
2023-05-01,LOJA_006,6493515.34,12285485.59,5282042.359999999,-509927.8899999999,13653,626,157,0,537.6098280494358,220.0,4.150653112279625,42.99416837295724,4.585072877755804,1.1499304182231012,0.0
2023-06-01,LOJA_006,6398561.03,11940785.68,5048439.26,-493785.39,13940,685,166,0,519.9808691059977,218.9,4.135283918771416,42.278953791590034,4.913916786226686,1.1908177905308464,0.0
2023-07-01,LOJA_006,7097542.24,13177894.64,5673130.369999999,-407222.03,14839,544,153,0,524.9922539349424,219.0,3.0901903613944817,43.050354589874,3.6660152301368014,1.0310667834759757,0.0
2023-08-01,LOJA_006,7345922.39,13999107.06,6074223.52,-578961.1499999999,14882,657,165,0,557.1095634446397,238.9,4.135700566604567,43.3900783383251,4.4147292030641045,1.1087219459750033,0.0
2023-09-01,LOJA_006,6497613.54,12053636.03,5149322.6,-406699.89,13979,483,147,0,511.5822043568464,218.9,3.374084707616644,42.72007705545428,3.455182774161241,1.0515773660490737,0.0
2022-01-01,LOJA_007,12393422.857,15435671.826999996,872625.1399999999,-1808521.68,62234,7144,32,1891,257.79532650208745,179.99,11.716507711938675,5.653301973378371,11.479255712311598,0.0514188385769836,3.038531992158627
2022-02-01,LOJA_007,12049610.4364,13972001.950299997,953538.334,-824566.8899,47489,2763,58,614,287.845488671019,179.99,5.90156580877299,6.824636422123648,5.818189475457474,0.1221335467160816,1.2929309945461054
2022-03-01,LOJA_007,13149375.6084,14657368.585399996,441853.747,-897410.9499999998,49627,2769,244,633,299.8758925408821,199.99,6.122592501998611,3.014550288652252,5.57962399500272,0.4916678421020815,1.2755153444697445
2022-04-01,LOJA_007,18074155.9299,19877957.6869,474346.497,-1134393.3999999997,59722,3238,331,694,340.1067553720032,249.99,5.706790495623147,2.386293926526489,5.42178761595392,0.5542346204078898,1.1620508355379926
2022-05-01,LOJA_007,19541175.9254,22115087.11539999,554373.21,-1698377.61,66680,4621,306,876,342.2808491998775,299.99,7.679723806366212,2.50676475795548,6.93011397720456,0.4589082183563287,1.31373725254949
2022-06-01,LOJA_007,19494833.5808,22470489.6878,960134.657,-1747118.8199999998,68567,4694,300,652,332.64355915938484,279.99,7.775170208901014,4.272869306988401,6.84585879504718,0.4375282570332667,0.9508947452856332
2022-07-01,LOJA_007,18504102.5766,21237409.556699995,1313882.78,-1217465.9800999998,71089,3527,266,592,291.9032674683993,229.99,5.732648216109355,6.186643321503847,4.961386431093418,0.3741788462350012,0.8327589359816568
2022-08-01,LOJA_007,17427233.4542,20002879.124199998,1004400.1,-1417234.6899999997,62737,3922,490,434,320.473251661508,249.99,7.085153498155138,5.021277655899301,6.251494333487416,0.7810383027559494,0.6917767824409838
2022-09-01,LOJA_007,17752799.9928,19999278.612799995,771499.4000000001,-1292767.6499999997,62838,3488,512,610,320.97287767834564,249.99,6.46407140491857,3.857636142466773,5.550781374327636,0.8147935962315797,0.9707501830102804
2022-10-01,LOJA_007,18552288.3121,21120882.691899996,1090132.79,-1285207.1897999996,66029,3598,820,790,317.7507248306129,249.99,6.08500699780358,5.161397872912166,5.44912084084266,1.241878568507777,1.1964439867331025
2022-11-01,LOJA_007,17898698.881,20697761.950599995,1333908.51,-1257929.1695999997,67937,3459,640,683,297.1033228481032,209.994,6.077609611137373,6.444699253879148,5.09148181403359,0.9420492515124308,1.005343185598422
2022-12-01,LOJA_007,36106810.3905,40895822.37039999,1257856.41,-2992055.0499,154499,10152,793,2365,270.86718421858444,199.9,7.316285323230525,3.0757577109157848,6.570916316610463,0.5132719305626574,1.5307542443640412
2023-01-01,LOJA_007,19500411.6334,23175348.9835,1048956.86,-2233399.7801,76598,7420,523,1695,314.1723006374859,229.99,9.63696288539214,4.526175035149714,9.686936995744016,0.6827854513172668,2.2128515104833024
2023-02-01,LOJA_007,15950578.0615,18492765.3918,1405392.26,-988186.2403,54460,2721,440,482,327.3887068130423,249.9,5.343636927001618,7.599686851719724,4.996327579875138,0.8079324274697026,0.8850532500918105
2023-03-01,LOJA_007,16230110.112,18408999.1222,800798.9,-1204278.4202,52720,3008,548,500,350.7078478476021,249.99,6.541791936682328,4.350040405153212,5.705614567526555,1.039453717754173,0.9484066767830044
2023-04-01,LOJA_007,14052845.3296,16246349.2396,633633.85,-1361267.0199999998,44145,3204,438,573,376.4957463081018,299.99,8.378910239612178,3.900161449536836,7.2579001019368,0.9921848453958544,1.2979952429493715
2023-05-01,LOJA_007,10070348.7766,12934138.7866,639146.65,-1896665.88,37085,4406,416,996,366.19892458765565,299.99,14.66402913478074,4.941547794911305,11.880814345422678,1.1217473371983282,2.68572199002292
2023-06-01,LOJA_007,22370212.9472,26520026.425499994,1920573.62,-1952160.0883,73046,4588,752,878,355.28898062315574,299.9,7.361078970958057,7.2419747596981905,6.280973633053144,1.0294882676669497,1.2019823125154012
2023-07-01,LOJA_007,23200855.821,28048500.601,2967293.04,-1675895.5899999996,79587,4042,517,822,329.349442111395,249.99,5.974991725369625,10.579150316128514,5.078718886250267,0.6496035784738714,1.0328319951750915
2023-08-01,LOJA_007,21944616.2808,25486429.081099994,1492311.59,-1891912.7203,76846,4758,396,599,330.6771128280894,249.99,7.423216152721011,5.855318472632384,6.19160398719517,0.5153163469796735,0.7794810400020822
2023-09-01,LOJA_007,18007230.337,20364989.457,788268.4800000001,-1408351.7299999995,57425,3485,434,622,359.9811266709928,299.99,6.915553445159831,3.870704090784839,6.0687853722246405,0.7557683935568132,1.0831519373095342
2022-01-01,LOJA_008,19786798.07,32338646.94,5997893.89,-5363209.989999999,107734,16657,279,29719,276.20677678326285,233.1,16.584521918776357,18.547139282383345,15.461228581506305,0.2589711697328605,27.585534742978076
2022-02-01,LOJA_008,19930847.05,30592224.78,6226831.48,-2757083.12,90264,8226,357,36832,276.5674009557012,229.0,9.012365526950736,20.354294350212992,9.113267747939378,0.3955065142249402,40.80475050961624
2022-03-01,LOJA_008,23567043.2,35223750.97,7049562.73,-2854811.49,97804,8308,515,37832,295.27233876825767,239.09,8.104791259827602,20.01366275841576,8.494540100609383,0.5265633307431189,38.681444521696456
2022-04-01,LOJA_008,27045405.27,39680241.12,7334728.18,-3128602.16,102802,8159,813,38271,318.91694072758787,268.2,7.884534145189691,18.484585710602158,7.936616019143597,0.7908406451236357,37.22787494406724
2022-05-01,LOJA_008,30425506.51,43420287.78,7063018.26,-3840686.92,104499,9512,1164,36723,360.7917181363517,298.0,8.845374170387407,16.266631616507446,9.102479449564113,1.1138862572847583,35.14196308098642
2022-06-01,LOJA_008,32235429.5,46441529.440000005,7347860.2,-4158359.33,111187,9715,1208,40986,358.69378516094696,298.0,8.953967236097123,15.821744650966,8.737532265462688,1.0864579492206825,36.8622231016216
2022-07-01,LOJA_008,33995722.92,52467263.17999999,12192631.14,-3280208.88,136691,9266,619,60791,292.644860884311,249.0,6.251915349094069,23.238549909055887,6.778793044165307,0.4528462005545354,44.47330109517086
2022-08-01,LOJA_008,36489554.55,55619218.68999998,10848932.21,-5159239.41,146669,14152,710,57497,314.3779737318841,260.1,9.27600123035817,19.50572565657161,9.648937403268585,0.4840832077671491,39.2018763337856
2022-09-01,LOJA_008,28007402.68,42151531.07,8767733.5,-3698611.73,107886,9850,580,35967,323.4614461186889,263.5,8.774560819292203,20.800510153331427,9.130007600615464,0.5376045084626365,33.33796785495801
2022-10-01,LOJA_008,25881990.62,36629864.99999999,5681301.3100000005,-3299754.62,94538,8406,539,35497,338.87734999361305,285.0,9.008372321328514,15.510025248523307,8.89166261185978,0.5701411072796124,37.54786435084305
2022-11-01,LOJA_008,28500248.99,40651716.97,6711813.1,-2886556.6,104081,7435,568,50690,324.7907694775293,268.79,7.100700327443022,16.510527968482016,7.143474793670314,0.5457288073711821,48.70245289726271
2022-12-01,LOJA_008,70868098.17,97191204.28,10169241.63,-10400487.99,268600,26533,564,96141,335.75539527447154,288.54,10.701058873637407,10.463129565411329,9.878257632166791,0.2099776619508562,35.7933730454207
2023-01-01,LOJA_008,27102870.48,42979289.04000001,6684723.260000001,-6781399.290000001,119315,17394,543,42976,332.5149384218325,279.0,15.778295643021648,15.553359325647886,14.57821732389054,0.455097850228387,36.018941457486484
2023-02-01,LOJA_008,24407577.26,38730703.72,8947997.18,-3037063.07,96989,8247,458,43314,309.29114353010124,260.1,7.84148692973968,23.10311024733428,8.503026116363712,0.4722184990050418,44.658672632979
2023-03-01,LOJA_008,27430676.93,41031672.01,7913858.739999999,-3342547.06,94128,8214,1055,40064,358.2322385714119,289.0,8.14626091567844,19.287195359894863,8.726415094339622,1.120814210436852,42.56331803501615
2023-04-01,LOJA_008,29426189.13,43102050.16,8039045.319999998,-3144798.63,91346,7277,1594,38553,387.4961365772411,298.0,7.296169482254622,18.651190117774195,7.966413417117334,1.7450134652858365,42.20546055656515
2023-05-01,LOJA_008,32540106.04,47020929.47,7966933.63,-3762257.06,93107,7719,2286,39444,425.1808142326747,328.0,8.001239240496878,16.94337759759303,8.2904615120238,2.455239670486644,42.36416166346247
2023-06-01,LOJA_008,35396606.54,52289088.09,9166030.84,-4317685.58,102550,8708,2563,42908,423.2444035680411,326.52,8.257335780207905,17.529528960657,8.491467576791809,2.4992686494392977,41.84105314480741
2023-07-01,LOJA_008,34091938.58,54144468.21000001,12741336.7,-3707190.01,108302,8020,1981,49775,376.9584198296667,298.0,6.846849055053263,23.53211162880493,7.40521874018947,1.829144429465753,45.95944673228565
2023-08-01,LOJA_008,35966496.04,57589585.70999999,12988955.56,-4953113.04,117456,11326,1746,50434,385.5975224274406,309.0,8.600709622989925,22.554347977788225,9.64275984198338,1.486514098896608,42.9386323389184
2023-09-01,LOJA_008,27170847.66,42874367.57000001,9979938.11,-3503136.83,86046,7557,1453,35893,390.860935421392,298.0,8.170702050078075,23.27716693128121,8.782511679799178,1.6886316621342077,41.71373451409711
